ID_Uzorka;Dubina_Busenja_cm;Temp_Tla_C;pH_Vrijednost;H2O_Postotak;Metan_Senzor;Organske_Molekule
1;8,3;-70,9;7,17;1,86;Negativno;Ne
2;5,9;-57,1;6,96;1,88;Negativno;Ne
3;0,7;-36,2;7,77;3,39;Negativno;Ne
4;13,0;-26,9;6,48;1,36;Negativno;Ne
5;11,0;-39,4;6,4;1,38;Negativno;Ne
6;3,7;-54,6;6,52;6,0;Negativno;Ne
7;7,8;-51,3;7,07;2,58;Negativno;Ne
8;0,4;-42,9;7,37;3,62;Negativno;Ne
9;0,2;-61,8;6,47;0,87;Negativno;Ne
10;7,2;-44,8;7,02;0,24;Negativno;Ne
11;12,9;-53,8;7,41;3,77;Negativno;Ne
12;2,8;-53,5;7,02;5,52;Negativno;Ne
13;6,6;-71,5;6,91;0,71;Negativno;Ne
14;0,3;-45,2;5,88;4,4;Negativno;Ne
15;4,0;-82,3;7,39;3,15;Negativno;Ne
16;9,2;-54,8;7,64;2,71;Pozitivno;Ne
17;3,1;-73,9;7,29;4,6;Negativno;Da
18;14,2;-32,9;6,5;3,65;Pozitivno;Ne
19;12,0;-41,8;7,09;0,23;Negativno;Ne
20;8,4;-28,4;7,83;5,89;Negativno;Ne
21;1,9;-49,9;6,44;1,72;Negativno;Ne
22;14,6;-33,5;6,92;3,03;Negativno;Ne
23;0,5;-50,5;7,23;0,42;Negativno;Ne
24;7,0;-62,1;6,09;2,51;Negativno;Ne
25;10,3;-39,2;7,01;0,26;Negativno;Ne
26;1,0;-65,0;7,62;5,94;Negativno;Ne
27;8,8;-43,5;6,68;1,85;Negativno;Ne
28;2,0;-10,9;6,48;9,10968764015772;Pozitivno;Da
29;9,4;-56,5;7,22;2,93;Negativno;Ne
30;10,5;-66,9;7,22;1,18;Negativno;Ne
31;14,6;-47,2;7,11;3,95;Negativno;Ne
32;13,1;-38,6;7,83;5,71;Negativno;Ne
33;9,9;-62,6;6,9;1,2;Negativno;Ne
34;3,3;-48,8;6,82;4,26;Negativno;Ne
35;9,6;-48,1;6,85;4,66;Negativno;Ne
36;10,0;-24,4;7,82;1,47;Negativno;Ne
37;12,4;-53,6;6,58;3,67;Pozitivno;Ne
38;12,7;-68,8;7,12;2,61;Negativno;Ne
39;1,3;-49,6;7,33;3,51;Negativno;Ne
40;12,3;-9,8;6,84;4,363767774996434;Pozitivno;Da
41;14,9;-54,1;7,24;4,8;Negativno;Ne
42;6,9;-64,0;5,66;5,19;Negativno;Ne
43;10,1;-23,5;6,62;0,35;Pozitivno;Ne
44;8,7;-59,7;7,36;2,13;Negativno;Ne
45;5,4;-48,7;7,7;4,19;Negativno;Ne
46;6,6;-71,2;6,83;5,59;Negativno;Ne
47;5,0;-61,3;6,97;5,17;Negativno;Ne
48;10,6;-7,1;6,62;7,67968764015772;Pozitivno;Da
49;5,7;-57,6;7,68;3,14;Negativno;Ne
50;9,2;-55,7;6,53;2,06;Negativno;Ne
51;0,4;-57,8;6,58;0,61;Negativno;Ne
52;0,6;-74,7;6,54;5,46;Negativno;Ne
53;2,3;-42,2;6,48;1,78;Negativno;Ne
54;0,6;-43,9;6,75;1,23;Negativno;Ne
55;9,8;-35,3;7,86;0,59;Negativno;Ne
56;13,3;-51,2;7,19;5,09;Negativno;Ne
57;0,3;-42,4;7,51;2,12;Negativno;Ne
58;2,4;150,0;-2,0;1,92;Pozitivno;Ne
59;2,9;-40,7;7,41;5,67;Negativno;Ne
60;1,4;-47,5;6,26;5,78;Negativno;Ne
61;8,6;-39,8;7,46;4,4;Negativno;Ne
62;9,4;-30,7;5,79;1,72;Negativno;Ne
63;4,6;-79,2;6,7;2,88;Negativno;Ne
64;13,2;-36,3;6,77;3,12;Negativno;Ne
65;14,8;-16,7;7,93;0,3;Negativno;Ne
66;4,8;-18,2;7,76;4,84;Negativno;Ne
67;7,9;-72,7;6,53;5,02;Negativno;Ne
68;12,8;-46,5;7,42;4,83;Negativno;Ne
69;6,2;-77,1;7,36;5,98;Negativno;Ne
70;4,4;-53,5;7,18;3,2;Negativno;Ne
71;9,2;-54,2;7,03;5,03;Negativno;Ne
72;7,2;-58,0;7,68;1,62;Negativno;Ne
73;11,4;-67,6;6,97;1,55;Negativno;Ne
74;13,0;-39,9;6,78;0,32;Negativno;Ne
75;6,7;-56,1;6,37;2,6;Negativno;Ne
76;13,1;-43,0;6,88;5,27;Negativno;Da
77;6,2;-42,0;5,66;2,19;Negativno;Ne
78;2,3;-29,5;6,67;0,62;Negativno;Ne
79;13,6;-68,4;7,08;2,16;Negativno;Ne
80;10,4;-14,4;6,88;3,09;Negativno;Ne
81;8,9;-29,6;7,87;3,93;Negativno;Da
82;1,2;-58,3;6,6;0,15;Negativno;Ne
83;1,8;-54,0;7,77;2,73;Negativno;Ne
84;0,3;-48,0;7,04;2,89;Negativno;Ne
85;10,8;-35,6;6,62;5,38;Negativno;Da
86;6,5;-17,3;7,26;4,063767774996434;Pozitivno;Da
87;3,1;-33,2;6,92;4,27;Pozitivno;Ne
88;8,2;-53,2;7,6;3,41;Negativno;Ne
89;14,8;-65,4;6,92;5,74;Negativno;Ne
90;11,3;-45,5;6,89;0,93;Pozitivno;Ne
91;10,4;-55,7;7,07;4,85;Negativno;Ne
92;5,8;-67,6;7,07;0,31;Negativno;Ne
93;1,6;-60,7;7,08;1,78;Negativno;Ne
94;12,8;-67,0;5,88;2,89;Negativno;Ne
95;7,5;-44,1;7,7;2,64;Negativno;Ne
96;2,8;-43,7;6,15;5,41;Negativno;Ne
97;14,4;-46,6;6,93;0,74;Negativno;Ne
98;14,2;-50,7;7,44;3,22;Negativno;Ne
99;4,8;-56,5;6,47;5,68;Negativno;Ne
100;7,1;-25,6;6,51;0,93;Negativno;Ne
101;1,6;-43,1;7,21;0,4;Negativno;Ne
102;10,4;-71,3;6,07;2,16;Negativno;Ne
103;1,5;-54,1;6,65;5,99;Negativno;Ne
104;13,2;-72,6;6,84;2,75;Pozitivno;Ne
105;10,8;-36,3;7,38;5,36;Pozitivno;Ne
106;10,0;-35,8;6,62;2,05;Negativno;Ne
107;14,4;-21,2;6,36;3,25;Negativno;Ne
108;1,5;-53,2;6,92;0,27;Negativno;Ne
109;1,7;-67,4;7,13;4,84;Negativno;Ne
110;7,0;-34,1;5,76;2,52;Negativno;Ne
111;3,0;-50,7;6,73;5,8;Negativno;Ne
112;8,5;-10,0;6,92;7,92968764015772;Pozitivno;Da
113;9,2;-65,2;7,03;3,43;Negativno;Ne
114;13,4;-58,9;6,7;0,21;Negativno;Ne
115;4,4;-56,7;7,16;3,11;Negativno;Ne
116;0,5;-35,4;7,18;5,45;Negativno;Ne
117;3,2;-61,7;6,99;1,36;Negativno;Ne
118;1,7;-67,8;7,57;3,94;Negativno;Ne
119;6,0;-62,7;6,79;0,85;Negativno;Ne
120;12,0;-49,4;6,06;2,46;Negativno;Ne
121;9,1;-47,8;7,4;1,79;Negativno;Ne
122;1,3;-72,0;7,1;2,71;Negativno;Ne
123;12,5;-45,4;6,84;5,86;Negativno;Ne
124;7,9;-8,4;6,23;9,059687640157719;Pozitivno;Da
125;11,9;-52,7;6,45;2,88;Negativno;Da
126;2,2;-56,5;7,8;2,62;Negativno;Ne
127;11,3;-62,2;6,89;0,98;Negativno;Ne
128;3,0;-64,9;7,5;3,8;Negativno;Ne
129;11,2;-63,4;7,16;2,51;Negativno;Ne
130;11,9;-63,0;7,02;3,41;Negativno;Ne
131;1,3;-59,5;7,06;0,8;Negativno;Ne
132;1,0;-74,0;7,11;5,96;Negativno;Ne
133;4,5;-48,9;6,72;1,13;Negativno;Ne
134;9,1;-46,8;5,72;5,07;Negativno;Ne
135;14,5;-52,0;7,57;4,36;Negativno;Ne
136;2,5;-30,2;6,34;1,41;Negativno;Ne
137;5,1;-34,2;6,96;5,25;Negativno;Ne
138;4,3;-42,1;7,19;4,99;Negativno;Ne
139;10,3;-37,6;6,49;0,38;Negativno;Ne
140;10,5;-61,0;7,22;4,4;Negativno;Ne
141;0,9;-49,1;6,36;4,29;Negativno;Ne
142;8,0;-33,1;7,04;5,65;Negativno;Ne
143;13,5;-52,3;6,39;3,42;Negativno;Ne
144;3,8;-60,1;6,98;0,95;Negativno;Ne
145;1,9;-56,0;7,35;2,09;Negativno;Ne
146;8,0;-51,6;7,83;0,36;Negativno;Ne
147;7,9;-44,2;7,02;5,63;Negativno;Ne
148;0,5;-35,6;6,01;2,03;Negativno;Ne
149;10,8;-51,2;6,24;4,16;Negativno;Ne
150;6,0;-63,0;6,8;3,18;Negativno;Ne
151;2,7;-67,8;7,96;4,52;Negativno;Ne
152;3,7;-48,6;6,17;1,35;Negativno;Ne
153;9,2;-40,5;7,01;2,86;Negativno;Ne
154;4,7;-71,0;6,91;2,28;Negativno;Ne
155;0,4;-79,5;7,57;3,95;Negativno;Ne
156;10,2;-58,9;6,36;3,69;Negativno;Ne
157;6,0;-7,3;6,53;1,04;Pozitivno;Ne
158;8,6;-6,2;7,31;7,933767774996435;Pozitivno;Da
159;5,8;-59,6;6,96;4,59;Negativno;Ne
160;2,0;-45,6;7,49;4,63;Negativno;Ne
161;3,2;-53,1;7,3;5,73;Negativno;Ne
162;9,8;-39,9;7,27;0,91;Negativno;Ne
163;11,7;-47,2;7,52;2,53;Negativno;Ne
164;6,6;-41,5;7,46;5,67;Negativno;Ne
165;11,7;-43,8;6,75;3,86;Negativno;Ne
166;12,0;-33,7;7,46;3,15;Negativno;Ne
167;7,5;-48,0;7,16;3,39;Negativno;Ne
168;10,3;-53,1;6,93;3,47;Negativno;Ne
169;4,6;-58,5;7,82;0,74;Negativno;Ne
170;8,0;-53,8;7,26;4,19;Negativno;Ne
171;12,2;-43,9;6,62;2,36;Pozitivno;Ne
172;13,9;-38,6;7,0;2,72;Negativno;Ne
173;6,3;-35,8;6,85;5,42;Negativno;Ne
174;14,5;-50,2;6,95;0,77;Negativno;Ne
175;5,2;-60,4;7,31;1,87;Negativno;Ne
176;9,7;-28,2;6,7;1,96;Negativno;Ne
177;8,1;-46,9;7,17;1,59;Negativno;Ne
178;2,6;-7,6;7,41;9,75968764015772;Pozitivno;Da
179;8,5;-22,9;5,85;3,77;Negativno;Ne
180;11,2;-75,6;7,38;2,5;Negativno;Ne
181;11,9;-43,2;7,09;5,12;Negativno;Ne
182;3,3;-46,0;7,76;2,86;Pozitivno;Ne
183;2,5;-43,9;7,72;0,92;Negativno;Ne
184;13,8;-60,8;7,59;4,99;Negativno;Ne
185;10,8;-38,0;6,92;5,5;Negativno;Ne
186;0,9;-68,7;7,29;4,45;Negativno;Ne
187;3,2;-44,0;6,39;1,0;Negativno;Ne
188;9,6;-32,1;7,4;2,88;Negativno;Ne
189;6,5;-53,3;7,63;2,88;Negativno;Ne
190;6,9;-70,4;6,75;5,65;Negativno;Ne
191;5,0;-51,7;7,24;3,75;Negativno;Ne
192;0,6;-66,7;6,73;2,79;Negativno;Ne
193;2,5;-41,5;7,42;5,1;Negativno;Ne
194;9,6;-78,8;6,66;2,48;Negativno;Ne
195;5,6;-30,9;6,84;5,57;Negativno;Ne
196;11,4;-39,7;6,62;0,28;Negativno;Ne
197;9,6;-20,5;7,06;2,72;Negativno;Ne
198;11,0;-32,5;6,26;2,97;Negativno;Ne
199;12,3;-22,1;8,03;3,68;Negativno;Ne
200;11,4;-45,5;6,17;4,27;Negativno;Ne
201;5,9;-72,7;6,86;3,3;Negativno;Ne
202;13,4;-67,6;7,12;5,06;Negativno;Ne
203;12,0;-39,0;6,19;2,63;Negativno;Ne
204;1,9;-68,1;7,98;4,86;Pozitivno;Ne
205;4,1;-57,7;7,05;5,3;Negativno;Ne
206;12,5;150,0;-2,0;2,98;Pozitivno;Ne
207;8,2;-56,6;6,47;0,94;Negativno;Ne
208;1,7;-60,6;7,54;4,65;Negativno;Ne
209;8,2;-91,6;6,84;3,51;Negativno;Ne
210;0,2;-72,2;6,75;4,67;Negativno;Ne
211;14,6;-68,2;7,55;1,3;Negativno;Ne
212;8,4;-61,9;8,51;4,84;Negativno;Ne
213;5,7;-54,2;6,62;2,06;Negativno;Ne
214;12,4;-54,5;7,02;1,64;Negativno;Da
215;5,7;-47,1;5,98;1,52;Negativno;Ne
216;7,3;-46,4;6,4;5,88;Negativno;Da
217;2,4;-29,8;8,23;2,33;Negativno;Ne
218;2,0;-57,6;6,94;3,63;Negativno;Ne
219;2,5;-67,5;6,8;5,41;Negativno;Ne
220;11,3;-44,7;5,91;1,6;Negativno;Ne
221;14,7;-33,7;7,28;3,97;Pozitivno;Ne
222;14,2;-58,4;6,44;2,52;Negativno;Ne
223;11,6;-62,6;7,36;5,22;Negativno;Ne
224;3,9;-46,3;7,06;1,16;Negativno;Ne
225;13,2;-58,4;6,83;0,39;Negativno;Ne
226;6,2;-62,3;7,61;3,16;Negativno;Ne
227;3,3;-50,8;6,76;1,8;Negativno;Ne
228;14,5;-47,0;7,72;1,59;Pozitivno;Ne
229;11,9;-50,7;6,59;2,98;Negativno;Da
230;14,2;-57,7;7,63;5,97;Pozitivno;Ne
231;8,6;-91,4;6,19;1,98;Negativno;Ne
232;13,4;-59,1;7,23;4,59;Negativno;Ne
233;0,2;-72,7;7,49;2,48;Negativno;Ne
234;8,1;-64,8;6,65;1,55;Negativno;Ne
235;8,8;-54,5;6,44;2,48;Negativno;Ne
236;0,4;-47,7;6,85;4,42;Negativno;Ne
237;4,2;-36,9;7,99;0,69;Pozitivno;Ne
238;10,4;-47,5;6,72;4,25;Pozitivno;Ne
239;3,6;-58,3;6,76;1,99;Negativno;Ne
240;3,7;-35,1;6,43;5,94;Negativno;Ne
241;8,7;-16,2;6,88;5,82;Negativno;Ne
242;7,0;-45,9;6,92;1,87;Negativno;Ne
243;8,1;-54,3;7,1;1,83;Negativno;Ne
244;3,3;-70,5;6,46;4,22;Negativno;Da
245;1,8;-20,1;6,98;3,83;Negativno;Da
246;7,0;-41,9;7,09;2,56;Pozitivno;Ne
247;0,3;-20,1;7,61;1,74;Negativno;Ne
248;11,5;-67,1;6,22;5,34;Negativno;Da
249;14,5;-67,7;6,56;4,37;Negativno;Ne
250;8,7;-38,3;7,35;1,25;Negativno;Ne
251;8,4;-63,1;6,87;4,26;Negativno;Ne
252;6,0;-73,9;6,78;2,06;Negativno;Ne
253;14,3;-52,1;7,51;0,19;Negativno;Ne
254;3,1;-46,7;7,48;4,66;Negativno;Ne
255;2,2;-43,2;7,07;4,46;Negativno;Ne
256;6,9;-21,1;6,31;4,55;Pozitivno;Ne
257;10,5;-33,8;6,56;3,32;Pozitivno;Ne
258;4,5;-46,5;7,61;0,12;Negativno;Ne
259;9,4;-56,1;7,43;4,92;Negativno;Ne
260;7,3;-67,6;6,21;5,48;Negativno;Ne
261;6,5;-66,3;6,63;1,51;Negativno;Ne
262;13,9;-33,7;6,41;3,73;Pozitivno;Ne
263;12,9;-63,1;6,54;5,5;Pozitivno;Ne
264;14,7;-62,8;6,64;1,02;Negativno;Ne
265;8,3;-40,3;7,79;3,0;Negativno;Ne
266;12,7;-7,7;7,0;6,863767774996434;Pozitivno;Da
267;5,7;-49,6;6,62;2,14;Negativno;Ne
268;13,8;-62,7;6,52;3,31;Negativno;Ne
269;13,1;-58,8;7,85;3,45;Negativno;Ne
270;10,0;-30,7;6,68;1,03;Negativno;Ne
271;7,5;-62,5;7,44;1,65;Negativno;Ne
272;5,1;-45,7;8,11;3,08;Negativno;Ne
273;5,9;-49,2;6,94;2,04;Negativno;Ne
274;9,0;-42,9;6,56;5,03;Negativno;Ne
275;7,6;-59,3;6,32;0,68;Negativno;Ne
276;9,1;-77,7;7,62;1,51;Negativno;Ne
277;11,8;-52,3;6,44;4,79;Negativno;Ne
278;5,1;-77,3;7,39;3,32;Negativno;Ne
279;12,3;-61,5;7,7;4,16;Negativno;Ne
280;5,6;-53,0;6,53;2,63;Negativno;Ne
281;5,5;-19,9;7,17;4,99;Negativno;Ne
282;10,9;-40,3;6,82;0,41;Negativno;Ne
283;3,3;-65,0;6,57;4,65;Negativno;Ne
284;6,7;-43,7;7,18;0,91;Negativno;Ne
285;5,3;-68,3;7,78;2,7;Negativno;Ne
286;9,0;-48,4;7,36;4,92;Negativno;Ne
287;7,7;-56,0;7,01;0,99;Negativno;Ne
288;14,7;-69,7;6,55;2,01;Negativno;Ne
289;2,0;-13,0;8,02;10,72968764015772;Pozitivno;Da
290;3,3;-51,5;7,99;5,83;Pozitivno;Ne
291;4,9;-57,7;6,87;2,84;Negativno;Ne
292;5,1;-29,4;7,15;4,14;Negativno;Ne
293;3,8;-13,2;6,8;4,34;Negativno;Da
294;3,7;-68,2;6,39;3,2;Negativno;Ne
295;14,8;-84,0;7,67;2,93;Pozitivno;Ne
296;11,8;-32,5;6,35;3,76;Negativno;Ne
297;2,5;-64,1;6,91;2,57;Negativno;Ne
298;7,2;-59,8;7,41;4,88;Negativno;Ne
299;7,4;-23,8;6,7;1,08;Pozitivno;Ne
300;10,2;-30,6;6,74;5,74;Negativno;Ne
301;6,1;-35,7;7,67;1,5;Negativno;Ne
302;3,1;-49,0;6,9;0,98;Negativno;Ne
303;13,5;-53,6;7,57;0,99;Negativno;Ne
304;10,6;-57,0;7,38;5,3;Negativno;Ne
305;13,7;-65,5;6,81;5,9;Negativno;Ne
306;14,4;-72,3;5,98;5,55;Negativno;Ne
307;8,8;-51,5;6,83;1,33;Negativno;Ne
308;10,9;-57,9;7,1;1,13;Negativno;Ne
309;12,2;-46,8;7,37;5,2;Negativno;Ne
310;10,2;-62,3;7,26;5,91;Negativno;Ne
311;10,9;-50,0;6,38;1,25;Negativno;Ne
312;4,9;-41,2;6,47;1,81;Negativno;Ne
313;5,9;-59,3;7,4;5,72;Negativno;Ne
314;11,3;-37,1;7,03;4,89;Negativno;Ne
315;3,2;-29,9;6,87;3,38;Negativno;Ne
316;7,0;-53,0;7,71;3,26;Negativno;Ne
317;4,4;-39,8;7,61;1,35;Negativno;Ne
318;14,2;-64,4;7,52;5,67;Pozitivno;Ne
319;7,0;-88,1;7,52;1,39;Negativno;Ne
320;2,6;-60,3;7,23;0,89;Negativno;Ne
321;3,7;-43,7;7,29;2,63;Negativno;Ne
322;7,4;-13,6;7,65;10,149687640157719;Pozitivno;Da
323;5,1;-55,5;7,21;4,13;Negativno;Ne
324;10,1;150,0;-2,0;1,48;Pozitivno;Ne
325;11,8;-46,3;6,58;2,85;Negativno;Ne
326;4,0;-41,7;7,64;0,65;Negativno;Ne
327;2,9;-58,1;6,51;5,66;Negativno;Ne
328;6,4;-42,3;5,74;0,52;Negativno;Ne
329;2,2;-47,8;6,55;1,61;Negativno;Ne
330;13,3;-49,3;5,65;0,97;Negativno;Ne
331;13,7;-23,8;7,18;4,72;Negativno;Ne
332;4,2;-68,5;7,06;1,29;Negativno;Ne
333;5,1;-57,2;6,67;1,88;Negativno;Ne
334;5,1;-46,1;7,22;4,02;Negativno;Ne
335;2,5;-52,1;7,26;3,7;Negativno;Ne
336;5,8;-49,1;6,91;4,34;Negativno;Ne
337;9,2;-50,9;6,53;4,43;Negativno;Ne
338;10,7;-58,8;6,37;4,43;Negativno;Ne
339;9,8;-32,1;7,21;5,81;Negativno;Ne
340;2,7;-35,3;6,96;0,4;Negativno;Ne
341;7,6;-53,2;6,45;2,36;Negativno;Ne
342;7,1;-43,2;6,26;1,74;Negativno;Ne
343;10,8;-56,4;6,85;5,59;Negativno;Ne
344;1,6;-63,4;6,96;4,8;Negativno;Da
345;13,2;-33,5;7,37;0,31;Negativno;Ne
346;3,9;-47,1;7,48;2,7;Negativno;Ne
347;4,5;-49,5;7,15;5,43;Negativno;Da
348;4,6;-63,4;6,68;2,94;Negativno;Ne
349;14,9;-48,1;7,38;2,32;Negativno;Ne
350;3,7;-30,2;6,31;2,3;Negativno;Ne
351;6,6;-74,3;7,17;4,02;Negativno;Ne
352;14,1;-50,9;6,95;3,87;Negativno;Ne
353;6,3;-56,6;7,02;1,22;Negativno;Ne
354;7,9;-54,5;6,35;4,2;Negativno;Ne
355;11,9;-49,8;7,29;3,82;Negativno;Ne
356;13,9;-64,6;6,98;5,86;Negativno;Ne
357;0,5;-57,0;7,72;1,8;Negativno;Ne
358;13,6;-47,3;6,05;4,68;Negativno;Ne
359;11,2;-44,9;6,8;2,11;Pozitivno;Ne
360;0,5;-36,2;7,21;2,92;Negativno;Ne
361;5,5;-60,1;6,32;0,19;Pozitivno;Ne
362;1,0;-53,1;7,23;1,92;Negativno;Ne
363;2,4;-27,3;7,35;4,26;Pozitivno;Ne
364;14,1;-38,6;5,97;4,72;Pozitivno;Ne
365;15,0;-51,2;6,82;3,18;Negativno;Ne
366;13,9;-53,0;7,28;2,81;Negativno;Ne
367;13,5;-45,6;7,52;5,13;Negativno;Ne
368;12,7;-33,4;7,38;2,39;Negativno;Ne
369;2,3;-59,6;6,61;3,16;Negativno;Ne
370;12,6;-73,6;7,35;1,05;Negativno;Ne
371;12,4;-85,1;6,98;4,52;Negativno;Ne
372;0,6;-47,4;6,72;5,82;Negativno;Ne
373;4,0;-44,9;6,82;2,61;Negativno;Ne
374;13,3;-29,9;6,6;1,28;Negativno;Ne
375;9,4;-45,3;7,11;1,67;Pozitivno;Ne
376;2,7;-39,5;6,89;0,81;Negativno;Ne
377;1,0;-73,9;7,01;0,61;Negativno;Ne
378;0,5;-43,9;6,81;1,72;Negativno;Ne
379;3,5;-58,0;6,63;0,92;Pozitivno;Ne
380;12,3;-58,7;7,17;1,35;Negativno;Ne
381;11,7;-31,6;6,41;5,61;Pozitivno;Ne
382;1,5;-51,9;7,67;1,64;Negativno;Ne
383;2,2;-63,5;6,85;0,74;Negativno;Ne
384;0,4;-47,1;6,39;3,34;Negativno;Ne
385;7,4;-71,9;6,49;3,11;Negativno;Ne
386;9,9;-15,3;7,12;0,18;Negativno;Ne
387;1,6;-51,8;6,22;3,42;Negativno;Ne
388;2,8;-73,3;7,24;2,69;Negativno;Ne
389;11,4;-45,9;7,29;5,94;Negativno;Ne
390;8,6;-59,1;6,54;2,27;Negativno;Ne
391;12,7;-50,8;6,85;2,74;Negativno;Ne
392;2,4;-37,3;7,45;3,37;Pozitivno;Ne
393;6,4;-32,9;7,36;2,26;Negativno;Ne
394;5,6;-40,3;6,19;3,09;Negativno;Ne
395;0,2;-52,4;6,79;3,01;Negativno;Ne
396;14,0;-52,8;6,69;3,9;Negativno;Ne
397;11,1;-40,2;7,57;4,53;Negativno;Ne
398;2,1;-35,6;7,0;1,08;Negativno;Ne
399;10,6;-37,5;6,54;5,41;Negativno;Ne
400;11,5;-57,1;6,75;5,1;Negativno;Ne
401;9,6;-63,9;5,46;2,25;Negativno;Ne
402;13,3;-44,3;6,16;0,97;Negativno;Ne
403;12,5;-22,3;7,62;3,45;Negativno;Ne
404;14,1;-40,7;6,43;4,04;Negativno;Ne
405;13,0;-40,6;7,3;3,71;Negativno;Ne
406;7,1;-53,4;7,27;3,75;Negativno;Ne
407;3,9;-29,4;6,74;1,16;Negativno;Ne
408;12,5;-77,4;7,03;4,96;Negativno;Ne
409;11,7;-63,4;7,2;3,89;Negativno;Ne
410;14,0;-56,8;7,29;0,53;Negativno;Da
411;5,7;-63,3;6,9;5,55;Negativno;Ne
412;8,4;-83,0;6,49;2,46;Negativno;Ne
413;11,0;-56,8;6,71;4,51;Negativno;Ne
414;13,0;-38,7;7,96;3,43;Negativno;Ne
415;13,7;-33,3;6,8;2,54;Negativno;Ne
416;9,0;-21,2;7,18;3,29;Negativno;Ne
417;13,2;-59,2;7,09;5,9;Negativno;Ne
418;10,3;-30,8;7,8;1,72;Negativno;Ne
419;6,3;-59,5;7,08;3,72;Negativno;Ne
420;8,0;-69,1;7,61;5,48;Negativno;Da
421;3,1;-61,8;7,89;1,48;Negativno;Ne
422;2,3;-41,1;6,88;4,27;Negativno;Ne
423;14,4;-42,6;6,73;4,27;Negativno;Ne
424;1,6;-27,6;7,12;3,28;Negativno;Ne
425;4,9;-61,3;7,25;0,52;Negativno;Ne
426;8,5;-53,5;8,04;0,77;Pozitivno;Ne
427;9,1;-48,8;6,82;1,03;Negativno;Ne
428;11,5;-63,3;6,62;1,05;Negativno;Ne
429;13,9;-5,5;6,99;10,72968764015772;Pozitivno;Da
430;10,2;-56,6;6,71;1,84;Negativno;Ne
431;9,1;-58,0;7,37;2,08;Negativno;Ne
432;11,3;-56,1;6,55;2,86;Pozitivno;Ne
433;5,8;-53,9;7,2;0,59;Negativno;Ne
434;0,7;-23,0;7,54;3,14;Negativno;Ne
435;10,5;-33,4;7,59;2,05;Negativno;Ne
436;3,2;-36,4;7,26;1,82;Negativno;Ne
437;1,5;-47,0;7,02;4,02;Negativno;Ne
438;6,1;-66,8;5,89;1,8;Negativno;Ne
439;7,1;-66,4;6,8;1,91;Negativno;Ne
440;3,8;-64,7;7,47;3,89;Negativno;Ne
441;10,9;-62,6;6,25;5,85;Pozitivno;Ne
442;4,1;-72,7;6,75;1,12;Negativno;Ne
443;8,7;-12,4;6,8;5,89968764015772;Pozitivno;Da
444;13,8;-75,6;6,99;4,16;Negativno;Ne
445;14,7;-54,5;7,65;2,34;Negativno;Ne
446;3,2;-77,4;7,17;5,6;Negativno;Ne
447;1,4;-41,8;6,38;5,41;Negativno;Ne
448;14,3;-39,8;7,62;4,8;Negativno;Ne
449;12,2;-39,3;6,5;0,91;Negativno;Ne
450;2,7;-43,8;7,26;5,08;Negativno;Da
451;9,9;-46,0;6,96;0,12;Negativno;Ne
452;7,9;-54,3;7,13;0,19;Negativno;Ne
453;10,9;-60,7;7,92;0,26;Negativno;Ne
454;2,5;-38,4;7,28;4,68;Negativno;Ne
455;12,7;-52,3;6,22;4,18;Negativno;Ne
456;3,4;-59,7;6,84;2,61;Negativno;Ne
457;10,0;-42,8;6,68;3,84;Pozitivno;Ne
458;12,8;-57,2;8,09;2,2;Negativno;Ne
459;5,3;-47,7;6,56;3,11;Negativno;Ne
460;8,9;-30,2;7,19;3,1;Negativno;Ne
461;1,9;-33,7;6,43;0,99;Negativno;Ne
462;10,2;-49,1;7,3;3,0;Pozitivno;Ne
463;11,4;-36,6;7,12;0,48;Negativno;Ne
464;4,9;-46,4;7,14;3,92;Negativno;Ne
465;6,5;-45,4;6,23;0,74;Negativno;Ne
466;5,7;150,0;-2,0;2,08;Pozitivno;Ne
467;5,8;-60,8;6,26;4,63;Negativno;Ne
468;6,5;-24,3;7,39;1,0;Negativno;Ne
469;14,8;-41,2;7,06;0,91;Negativno;Ne
470;6,2;-26,4;6,64;0,42;Pozitivno;Ne
471;14,4;-19,7;6,86;1,2;Negativno;Ne
472;12,3;-50,7;7,11;1,75;Negativno;Ne
473;2,9;-68,0;7,24;1,69;Negativno;Ne
474;9,1;-74,0;7,41;3,31;Negativno;Ne
475;2,5;-76,4;7,57;3,05;Negativno;Ne
476;3,4;-42,1;7,18;0,26;Negativno;Ne
477;2,8;-54,7;6,86;2,88;Negativno;Ne
478;8,9;-38,2;5,47;0,66;Negativno;Ne
479;12,3;-25,9;6,92;0,93;Negativno;Ne
480;5,7;-75,8;7,39;0,83;Negativno;Ne
481;9,0;-54,0;6,6;2,75;Pozitivno;Ne
482;10,6;-50,7;7,59;2,31;Negativno;Ne
483;7,1;-63,9;6,55;1,04;Negativno;Ne
484;14,9;-32,4;6,85;5,26;Negativno;Ne
485;7,4;-39,0;6,75;3,01;Negativno;Ne
486;6,2;-63,2;6,85;1,79;Negativno;Ne
487;8,1;-59,2;6,56;4,75;Negativno;Ne
488;11,1;-52,4;7,53;5,19;Negativno;Ne
489;13,4;-44,3;7,7;2,69;Negativno;Ne
490;14,3;-50,1;7,07;1,91;Negativno;Ne
491;8,2;-44,5;6,94;1,98;Pozitivno;Ne
492;12,2;-75,6;7,53;5,17;Negativno;Ne
493;14,3;-35,6;6,48;3,24;Negativno;Ne
494;1,0;-90,5;6,94;0,91;Negativno;Ne
495;1,7;-62,1;6,37;5,5;Negativno;Ne
496;14,0;-19,2;7,94;2,12;Negativno;Ne
497;7,3;-71,4;7,44;5,13;Negativno;Ne
498;11,9;-56,5;6,95;2,58;Negativno;Ne
499;10,3;-53,8;6,08;0,62;Negativno;Ne
500;8,9;-63,3;7,22;0,43;Negativno;Ne
501;0,3;-42,8;7,35;3,87;Negativno;Da
502;0,7;-53,9;6,28;5,93;Negativno;Da
503;8,1;-41,6;7,08;5,98;Negativno;Ne
504;8,7;-35,8;7,93;2,48;Pozitivno;Ne
505;6,0;-70,3;6,94;5,38;Negativno;Ne
506;9,2;-36,9;8,06;3,37;Negativno;Ne
507;14,3;-35,0;6,03;5,76;Negativno;Ne
508;2,5;-31,7;6,49;1,23;Negativno;Ne
509;3,4;-49,5;7,37;3,8;Negativno;Ne
510;4,3;-33,2;7,38;1,16;Negativno;Ne
511;9,2;-49,9;7,75;4,4;Negativno;Ne
512;1,0;-76,8;6,89;0,17;Negativno;Ne
513;6,7;-22,1;6,78;5,01;Negativno;Ne
514;13,9;-53,9;7,55;2,74;Negativno;Ne
515;0,6;-44,6;6,82;1,71;Negativno;Ne
516;13,4;-70,3;6,71;2,83;Negativno;Ne
517;6,5;-53,5;6,92;5,1;Negativno;Ne
518;2,5;-64,8;7,17;2,16;Negativno;Ne
519;1,3;-72,2;6,77;0,15;Negativno;Ne
520;2,0;-66,9;6,89;3,28;Negativno;Ne
521;4,7;-67,0;7,28;5,19;Negativno;Ne
522;4,2;-61,4;7,11;1,96;Negativno;Ne
523;11,9;-10,7;6,73;8,17968764015772;Pozitivno;Da
524;7,7;-59,6;7,68;2,19;Negativno;Ne
525;4,1;-24,2;7,0;2,81;Negativno;Ne
526;1,0;-61,3;7,09;5,61;Negativno;Ne
527;12,6;-31,6;6,92;5,77;Negativno;Ne
528;14,8;-57,6;7,17;2,57;Negativno;Ne
529;4,0;-73,8;6,31;3,05;Negativno;Ne
530;10,1;-66,5;6,52;0,53;Negativno;Ne
531;5,6;-39,5;6,91;1,09;Negativno;Ne
532;1,8;-39,2;7,31;1,09;Negativno;Da
533;13,0;-59,9;7,43;0,13;Negativno;Ne
534;9,1;-50,5;6,16;4,08;Negativno;Ne
535;13,1;-53,5;7,17;5,1;Negativno;Ne
536;0,9;-37,5;6,7;4,29;Negativno;Ne
537;14,5;-60,5;7,37;2,26;Negativno;Ne
538;7,4;-36,8;6,33;4,7;Negativno;Ne
539;1,8;-56,6;6,66;5,41;Negativno;Ne
540;3,0;-38,2;6,93;5,63;Pozitivno;Ne
541;2,5;-61,7;6,37;1,22;Negativno;Ne
542;6,6;-38,9;6,07;2,4;Pozitivno;Ne
543;10,5;-26,2;7,24;0,54;Negativno;Ne
544;10,5;-38,0;6,69;5,05;Negativno;Ne
545;7,5;-54,5;6,85;3,56;Negativno;Ne
546;6,2;-67,5;7,4;4,9;Negativno;Ne
547;5,8;-45,0;6,46;4,31;Negativno;Ne
548;2,9;-70,7;6,69;3,46;Negativno;Ne
549;1,5;-39,5;7,58;0,66;Negativno;Ne
550;12,0;-38,1;7,55;3,9;Negativno;Ne
551;2,3;-17,2;7,11;3,88;Negativno;Ne
552;1,9;-67,7;7,78;2,92;Pozitivno;Ne
553;2,4;-58,7;6,45;2,89;Negativno;Ne
554;13,6;-46,1;7,92;2,77;Negativno;Da
555;12,7;-53,2;7,22;0,32;Negativno;Ne
556;10,4;-44,7;6,49;5,97;Pozitivno;Ne
557;10,3;-61,4;7,15;5,49;Negativno;Ne
558;11,8;-63,8;6,46;3,12;Negativno;Ne
559;8,2;-69,5;7,24;3,89;Negativno;Ne
560;11,9;-50,8;6,78;3,62;Negativno;Ne
561;5,8;-36,7;7,24;5,56;Negativno;Ne
562;1,4;-53,7;7,0;4,67;Negativno;Da
563;12,3;-53,2;6,7;2,86;Negativno;Ne
564;13,5;-25,1;7,07;3,43;Negativno;Ne
565;7,7;-53,5;7,18;2,56;Negativno;Ne
566;4,5;-61,6;7,43;1,84;Negativno;Ne
567;3,7;-68,3;6,36;1,31;Negativno;Ne
568;6,1;-61,3;6,71;2,47;Negativno;Ne
569;5,0;-42,9;6,37;1,15;Negativno;Ne
570;14,7;-49,5;6,34;4,0;Negativno;Ne
571;6,7;-44,2;7,27;1,68;Negativno;Ne
572;7,1;-30,5;6,07;3,92;Negativno;Ne
573;3,0;-56,0;7,41;0,5;Negativno;Ne
574;4,3;-55,6;6,82;3,33;Negativno;Ne
575;9,1;-61,1;6,02;2,7;Negativno;Ne
576;0,9;-41,2;6,15;2,04;Negativno;Ne
577;10,0;-49,6;6,74;1,13;Negativno;Ne
578;10,3;-72,6;7,55;0,76;Negativno;Ne
579;5,8;-18,0;7,67;10,99968764015772;Pozitivno;Da
580;5,1;-82,6;6,97;1,4;Negativno;Da
581;11,2;-19,0;6,84;8,433767774996435;Pozitivno;Da
582;11,9;-59,0;7,13;0,55;Pozitivno;Ne
583;8,6;-18,4;6,85;8,563767774996434;Pozitivno;Da
584;14,7;-50,4;7,14;0,12;Negativno;Ne
585;4,0;-33,3;6,64;0,68;Negativno;Ne
586;10,0;-40,3;6,85;4,42;Pozitivno;Ne
587;8,9;-50,2;8,0;1,93;Negativno;Ne
588;10,9;-47,6;7,01;3,97;Negativno;Ne
589;5,3;-33,9;7,61;1,77;Negativno;Ne
590;6,0;-72,7;7,2;5,75;Negativno;Ne
591;4,2;-61,2;7,29;4,67;Negativno;Ne
592;4,8;-46,3;6,04;4,64;Negativno;Ne
593;9,2;-58,3;6,74;4,36;Negativno;Ne
594;4,3;-60,0;7,33;1,18;Negativno;Ne
595;2,6;-53,2;6,88;0,34;Negativno;Ne
596;13,7;-62,8;8,05;4,48;Negativno;Ne
597;8,5;-48,5;6,87;3,25;Negativno;Ne
598;0,3;-50,1;6,88;3,04;Negativno;Ne
599;4,6;-55,9;7,11;3,93;Negativno;Ne
600;0,5;-52,8;7,0;0,26;Negativno;Ne
601;8,6;-56,1;7,21;5,27;Negativno;Ne
602;11,7;-42,2;7,31;5,37;Negativno;Ne
603;7,8;-45,0;7,03;0,9;Negativno;Ne
604;8,1;-55,6;7,53;4,53;Negativno;Ne
605;3,7;-38,1;6,56;5,23;Negativno;Ne
606;1,6;-74,7;7,04;3,95;Pozitivno;Ne
607;6,2;-45,9;6,52;0,98;Negativno;Ne
608;14,5;-55,3;7,3;2,53;Negativno;Ne
609;1,6;-48,9;6,57;0,59;Negativno;Ne
610;6,4;-43,4;6,37;3,61;Negativno;Ne
611;2,8;-27,3;7,51;2,89;Negativno;Ne
612;11,0;-45,2;6,35;2,07;Negativno;Ne
613;10,7;-56,9;6,73;1,05;Negativno;Ne
614;0,6;-66,3;5,91;4,7;Negativno;Ne
615;10,1;-37,9;6,89;4,58;Pozitivno;Ne
616;14,3;-51,7;6,83;4,99;Negativno;Ne
617;9,7;-38,5;6,94;5,72;Pozitivno;Ne
618;9,9;-56,2;7,74;1,32;Negativno;Ne
619;2,2;-34,5;7,2;0,53;Negativno;Ne
620;2,0;-58,4;6,05;0,15;Negativno;Ne
621;7,7;-45,9;7,08;1,99;Pozitivno;Ne
622;10,5;-77,2;7,0;4,83;Negativno;Ne
623;14,6;-30,4;6,25;1,65;Negativno;Ne
624;14,4;-49,9;7,67;2,39;Negativno;Ne
625;9,3;-51,2;6,59;5,11;Negativno;Ne
626;8,3;-77,3;6,63;3,5;Pozitivno;Ne
627;1,2;-41,1;6,63;4,69;Negativno;Ne
628;5,5;-36,7;6,55;5,71;Negativno;Da
629;5,6;-40,5;6,64;5,27;Negativno;Ne
630;7,3;-33,0;7,22;1,46;Pozitivno;Ne
631;12,3;-55,0;7,22;4,87;Negativno;Ne
632;12,2;-78,6;6,86;5,93;Negativno;Da
633;2,5;-17,3;6,38;10,16968764015772;Pozitivno;Da
634;4,4;-48,0;7,08;3,43;Negativno;Ne
635;10,7;-50,6;6,57;2,03;Negativno;Ne
636;3,2;-38,5;7,01;1,55;Negativno;Ne
637;14,6;-54,2;7,54;1,87;Negativno;Ne
638;7,4;-49,5;6,86;1,79;Pozitivno;Ne
639;5,9;-19,0;6,61;8,40968764015772;Pozitivno;Da
640;4,5;-40,0;6,0;2,98;Negativno;Ne
641;1,0;-24,7;6,91;4,46;Negativno;Ne
642;12,6;-25,4;6,69;2,35;Negativno;Ne
643;5,9;-38,4;7,19;0,55;Negativno;Ne
644;8,5;-78,2;7,89;4,11;Negativno;Ne
645;13,9;-39,0;7,5;5,36;Pozitivno;Ne
646;9,6;-58,0;6,77;2,75;Negativno;Ne
647;3,5;-30,3;6,84;3,65;Negativno;Ne
648;11,1;-66,1;6,96;4,12;Negativno;Ne
649;10,6;-47,4;7,22;5,31;Negativno;Ne
650;5,1;-79,3;7,65;0,12;Negativno;Ne
651;12,8;-67,8;6,28;5,44;Negativno;Ne
652;3,1;-32,7;7,0;2,73;Pozitivno;Ne
653;12,8;-59,1;7,23;3,45;Negativno;Ne
654;3,5;-64,7;7,55;4,38;Negativno;Ne
655;10,0;-67,9;7,33;3,04;Negativno;Ne
656;2,2;-11,6;7,27;11,21968764015772;Pozitivno;Da
657;6,7;-50,8;7,19;0,18;Negativno;Ne
658;10,6;-52,0;7,63;4,59;Negativno;Ne
659;7,3;-39,0;6,65;1,47;Negativno;Ne
660;6,1;-59,4;6,32;2,56;Negativno;Ne
661;6,6;-57,9;6,81;1,42;Negativno;Ne
662;3,5;-52,9;7,01;2,53;Negativno;Ne
663;13,8;-75,6;6,14;4,59;Negativno;Ne
664;6,6;-37,6;6,47;1,56;Negativno;Ne
665;10,2;-52,0;7,29;1,66;Negativno;Ne
666;5,7;-51,5;7,27;3,37;Negativno;Ne
667;4,5;-40,3;6,5;1,08;Negativno;Ne
668;13,9;-25,5;6,49;0,26;Negativno;Ne
669;13,8;-49,5;7,64;5,76;Negativno;Ne
670;0,5;-63,8;6,4;0,19;Negativno;Ne
671;2,0;-70,3;7,08;4,71;Negativno;Ne
672;12,4;-45,7;7,22;5,88;Negativno;Ne
673;4,0;-51,7;7,41;3,99;Negativno;Ne
674;10,7;-66,1;6,48;3,85;Negativno;Ne
675;7,2;-28,8;7,37;2,63;Negativno;Ne
676;10,6;-29,8;6,52;3,5;Negativno;Ne
677;2,2;-48,7;6,41;2,02;Negativno;Ne
678;13,7;-72,8;6,8;2,23;Negativno;Ne
679;9,4;-50,9;6,03;1,58;Negativno;Ne
680;2,7;-46,9;7,65;1,63;Negativno;Ne
681;0,6;-11,4;7,04;8,399687640157719;Pozitivno;Da
682;0,7;-72,5;6,74;0,26;Negativno;Ne
683;1,9;-29,3;7,27;1,09;Negativno;Ne
684;13,8;-54,7;5,92;4,67;Negativno;Ne
685;7,8;-34,7;6,83;2,49;Negativno;Ne
686;2,3;-57,8;6,72;3,47;Negativno;Ne
687;3,5;-75,3;6,61;4,28;Negativno;Ne
688;4,3;-52,3;6,54;1,03;Negativno;Ne
689;8,1;-52,0;7,28;3,13;Negativno;Ne
690;2,1;-38,5;6,47;4,64;Negativno;Ne
691;1,8;-29,9;6,85;4,57;Negativno;Ne
692;14,7;-60,5;7,34;5,71;Negativno;Ne
693;12,1;-64,2;7,23;3,43;Negativno;Ne
694;7,3;-9,4;6,63;10,53968764015772;Pozitivno;Da
695;1,0;-40,3;7,67;2,9;Negativno;Ne
696;13,2;-48,2;6,49;2,25;Negativno;Ne
697;1,2;-66,3;6,36;4,88;Negativno;Ne
698;1,0;-41,6;7,74;3,64;Negativno;Ne
699;10,6;-67,4;6,8;0,65;Negativno;Ne
700;9,8;-14,0;6,09;6,3296876401577205;Pozitivno;Da
701;13,3;-70,6;7,37;3,15;Negativno;Ne
702;6,2;-68,9;7,04;1,87;Negativno;Ne
703;3,8;-39,1;7,67;1,45;Negativno;Ne
704;2,0;-65,9;6,57;0,66;Negativno;Ne
705;10,5;-27,3;6,45;1,1;Negativno;Ne
706;6,8;-47,2;7,76;5,94;Negativno;Ne
707;14,9;-80,7;7,81;3,98;Negativno;Ne
708;5,0;-17,9;6,58;4,03;Negativno;Ne
709;1,7;-46,5;7,93;0,74;Negativno;Ne
710;5,6;-48,3;7,24;1,47;Negativno;Ne
711;11,7;-68,7;6,54;3,92;Negativno;Ne
712;10,0;-46,6;7,56;2,98;Negativno;Ne
713;14,6;-60,5;6,5;1,69;Pozitivno;Ne
714;11,9;-44,7;7,1;3,67;Negativno;Ne
715;7,9;-55,1;6,4;1,79;Negativno;Ne
716;0,4;-86,8;6,43;2,07;Pozitivno;Ne
717;5,6;-51,2;6,93;5,11;Pozitivno;Ne
718;11,8;-48,2;7,28;4,45;Negativno;Ne
719;11,9;-67,4;6,36;5,02;Negativno;Ne
720;4,9;-26,8;6,62;4,12;Negativno;Ne
721;9,8;-47,2;6,59;0,36;Negativno;Ne
722;12,5;-36,4;6,08;5,63;Negativno;Ne
723;4,4;-41,4;7,59;4,56;Negativno;Ne
724;1,1;-41,7;7,15;2,63;Negativno;Ne
725;5,5;-27,3;7,33;4,08;Negativno;Ne
726;10,0;-34,7;7,76;4,08;Negativno;Ne
727;5,1;-73,6;6,97;5,99;Negativno;Ne
728;12,4;-43,7;7,32;5,6;Negativno;Ne
729;2,4;-38,0;6,88;4,39;Negativno;Ne
730;7,5;-41,8;7,64;1,53;Negativno;Ne
731;3,5;-34,0;6,87;3,7;Negativno;Ne
732;2,1;-61,4;6,97;4,3;Negativno;Ne
733;13,0;-39,3;6,8;5,75;Negativno;Ne
734;3,8;-19,9;6,33;6,313767774996434;Pozitivno;Da
735;7,5;-39,5;6,67;3,87;Pozitivno;Ne
736;8,9;-41,0;6,91;3,46;Negativno;Ne
737;12,3;-60,9;5,82;2,21;Negativno;Ne
738;10,7;-46,6;6,97;4,44;Negativno;Ne
739;8,5;-36,9;7,34;3,29;Negativno;Ne
740;10,5;-64,1;7,12;5,07;Negativno;Ne
741;13,2;-61,5;7,41;0,74;Negativno;Ne
742;7,0;-71,1;7,96;0,97;Pozitivno;Ne
743;3,1;-51,2;7,29;2,78;Pozitivno;Ne
744;2,0;-27,6;7,23;1,4;Negativno;Ne
745;1,2;-34,5;6,83;1,9;Negativno;Ne
746;6,1;-89,1;7,04;2,87;Negativno;Ne
747;7,8;-52,6;7,73;4,85;Negativno;Ne
748;3,2;-69,8;7,29;0,85;Negativno;Ne
749;5,3;-39,5;6,85;3,16;Negativno;Ne
750;4,7;-56,7;6,54;1,48;Negativno;Da
751;13,9;-43,5;6,36;5,22;Negativno;Ne
752;9,0;-74,6;6,43;1,33;Negativno;Ne
753;5,5;-79,2;6,7;0,77;Negativno;Ne
754;10,1;-11,0;7,82;1,12;Negativno;Da
755;12,7;-56,0;7,84;1,17;Negativno;Ne
756;1,1;-74,7;6,02;1,24;Negativno;Ne
757;13,1;-51,0;6,6;1,36;Negativno;Ne
758;1,3;-48,9;7,0;0,8;Negativno;Ne
759;1,7;-30,9;7,21;1,33;Negativno;Ne
760;3,7;-53,9;6,34;0,37;Negativno;Ne
761;14,0;-52,4;7,74;0,43;Negativno;Ne
762;3,2;-33,8;7,56;3,05;Negativno;Ne
763;4,6;-57,2;6,82;1,66;Negativno;Ne
764;5,5;-42,9;7,69;4,25;Negativno;Ne
765;12,2;-36,5;6,27;0,14;Negativno;Ne
766;8,2;-48,7;6,31;1,3;Negativno;Ne
767;14,6;-42,0;7,34;5,14;Negativno;Ne
768;11,3;-43,4;6,82;4,78;Negativno;Ne
769;3,9;-45,1;6,94;2,11;Negativno;Ne
770;7,5;-45,2;6,74;1,0;Negativno;Ne
771;14,3;-35,0;7,49;3,23;Negativno;Ne
772;12,7;-39,1;6,81;3,81;Negativno;Ne
773;8,3;-67,1;6,79;1,02;Negativno;Ne
774;6,0;-19,7;7,55;2,95;Negativno;Ne
775;3,9;-43,9;7,17;2,48;Negativno;Ne
776;0,2;-73,9;6,84;4,28;Negativno;Ne
777;12,4;-64,0;6,84;1,93;Pozitivno;Ne
778;4,6;-42,6;8,21;5,92;Negativno;Ne
779;3,1;-61,8;7,15;2,98;Pozitivno;Ne
780;0,8;-39,1;8,34;2,95;Negativno;Ne
781;5,7;-9,6;7,63;0,25;Negativno;Ne
782;4,7;-58,7;7,12;2,05;Negativno;Ne
783;6,5;-81,1;7,69;3,49;Negativno;Ne
784;14,8;-69,8;7,05;1,69;Pozitivno;Ne
785;12,2;-27,5;7,68;1,52;Negativno;Ne
786;9,4;-44,6;7,48;2,68;Negativno;Da
787;3,6;-58,8;6,43;0,91;Negativno;Ne
788;1,4;-18,3;6,28;8,653767774996433;Pozitivno;Da
789;9,6;-70,5;7,24;3,78;Negativno;Ne
790;1,1;-45,0;6,52;5,09;Negativno;Ne
791;2,8;-42,1;7,82;2,43;Negativno;Ne
792;1,0;-47,0;6,59;4,59;Negativno;Ne
793;9,4;-60,5;7,38;4,52;Negativno;Ne
794;8,5;-48,2;6,64;0,72;Negativno;Ne
795;9,0;-59,9;7,24;3,88;Negativno;Ne
796;4,4;-18,3;7,3;6,62968764015772;Pozitivno;Da
797;10,7;-61,9;7,08;4,98;Negativno;Ne
798;13,8;-22,5;7,37;3,83;Negativno;Ne
799;5,4;-67,7;6,83;0,69;Negativno;Ne
800;8,1;-74,9;7,28;0,12;Negativno;Ne
801;5,7;-71,1;7,37;5,44;Negativno;Ne
802;12,9;-77,1;7,48;5,54;Negativno;Ne
803;0,4;-35,4;7,23;3,65;Pozitivno;Da
804;7,3;-26,1;6,21;4,4;Negativno;Ne
805;0,3;-60,9;7,97;5,62;Negativno;Ne
806;6,3;-49,3;6,79;5,86;Negativno;Ne
807;5,8;-46,6;7,3;2,74;Negativno;Ne
808;5,9;-61,5;7,3;2,19;Negativno;Ne
809;5,7;-33,5;6,64;4,03;Pozitivno;Ne
810;9,7;-44,0;7,11;5,48;Negativno;Ne
811;0,4;-45,2;6,64;1,75;Negativno;Ne
812;11,0;-53,0;7,35;0,47;Negativno;Ne
813;8,1;-46,8;7,18;0,36;Negativno;Ne
814;9,3;-59,2;6,17;2,86;Negativno;Ne
815;8,7;-50,0;6,49;4,07;Negativno;Ne
816;3,4;-47,5;7,33;0,84;Negativno;Ne
817;11,2;-57,6;6,73;5,61;Negativno;Ne
818;1,7;-47,7;7,57;3,92;Negativno;Ne
819;0,3;-41,6;7,08;1,0;Negativno;Ne
820;0,6;-50,2;6,45;2,65;Negativno;Ne
821;11,5;-59,8;7,41;1,74;Negativno;Ne
822;9,0;-61,2;7,51;5,22;Pozitivno;Ne
823;3,1;-41,3;7,44;0,46;Negativno;Ne
824;8,5;-35,9;7,61;0,99;Negativno;Ne
825;13,6;-53,1;7,1;3,13;Pozitivno;Ne
826;5,1;-41,5;7,54;3,6;Negativno;Ne
827;11,9;-39,0;6,4;4,98;Pozitivno;Ne
828;5,4;-49,6;7,5;4,2;Negativno;Ne
829;1,1;-41,2;6,25;5,13;Negativno;Ne
830;5,5;-30,6;7,26;5,28;Negativno;Ne
831;2,6;-49,4;6,73;2,77;Negativno;Ne
832;14,1;-61,9;6,66;3,69;Negativno;Ne
833;12,3;-58,5;7,16;3,68;Negativno;Ne
834;6,9;-72,0;6,56;2,47;Negativno;Ne
835;7,2;-0,6;6,61;3,24;Negativno;Ne
836;4,9;-39,5;6,91;5,66;Negativno;Ne
837;1,5;-48,6;6,23;3,88;Negativno;Ne
838;14,1;-40,2;7,17;3,94;Negativno;Ne
839;1,4;-45,2;7,08;2,6;Negativno;Ne
840;6,8;-58,5;7,85;1,66;Negativno;Ne
841;13,3;-52,4;6,62;2,66;Negativno;Ne
842;6,9;-47,2;7,12;5,82;Negativno;Ne
843;6,3;-54,4;7,21;0,2;Negativno;Da
844;11,7;-43,2;6,56;4,82;Negativno;Ne
845;12,8;-62,8;6,9;2,81;Negativno;Ne
846;13,5;-58,1;6,06;2,5;Negativno;Ne
847;8,7;-40,3;6,29;2,68;Negativno;Ne
848;12,6;-44,2;7,22;1,46;Negativno;Ne
849;14,4;-22,4;6,48;3,33;Negativno;Ne
850;2,8;-29,4;7,31;1,45;Negativno;Ne
851;14,0;-40,8;6,86;0,68;Negativno;Ne
852;10,7;-34,6;7,15;0,64;Negativno;Ne
853;10,4;-37,7;6,54;1,42;Negativno;Ne
854;10,9;-36,2;6,8;0,49;Negativno;Ne
855;4,5;-62,0;7,84;5,04;Negativno;Ne
856;5,1;-25,9;6,51;2,44;Negativno;Ne
857;5,2;-73,9;6,83;3,86;Negativno;Ne
858;2,0;-51,5;6,82;4,6;Negativno;Ne
859;6,6;-46,7;7,7;5,67;Negativno;Ne
860;7,0;-78,9;6,77;1,31;Negativno;Ne
861;7,0;-54,1;7,19;0,8;Negativno;Ne
862;3,2;-59,0;6,59;2,74;Negativno;Ne
863;4,1;-52,0;7,52;4,34;Negativno;Ne
864;4,3;-50,4;6,5;0,65;Negativno;Ne
865;14,9;-41,8;6,93;5,16;Pozitivno;Ne
866;6,2;-35,8;7,98;4,13;Negativno;Ne
867;12,4;-61,2;7,26;5,48;Negativno;Ne
868;1,9;-60,7;6,35;4,34;Negativno;Ne
869;12,6;-60,4;7,11;0,9;Negativno;Ne
870;13,8;-34,6;6,93;0,74;Negativno;Ne
871;0,8;-34,3;6,96;0,47;Pozitivno;Ne
872;14,6;-48,3;6,51;5,61;Negativno;Ne
873;12,3;-49,8;7,14;5,35;Negativno;Ne
874;13,2;-51,4;6,7;0,15;Negativno;Ne
875;8,6;-51,8;7,31;1,1;Negativno;Ne
876;14,8;-69,7;5,95;1,8;Pozitivno;Ne
877;3,3;-40,3;7,25;2,72;Negativno;Ne
878;8,3;-78,4;7,05;0,7;Negativno;Ne
879;2,3;-57,5;7,34;5,6;Negativno;Ne
880;7,1;-41,1;6,8;0,7;Negativno;Ne
881;4,6;-55,5;6,72;0,56;Negativno;Ne
882;1,9;-45,4;6,92;5,94;Negativno;Ne
883;13,3;-56,9;6,99;1,98;Negativno;Ne
884;11,7;-39,5;7,78;0,78;Negativno;Ne
885;3,7;-65,2;7,14;1,47;Negativno;Ne
886;14,3;-34,0;6,33;5,15;Negativno;Ne
887;7,3;-62,7;6,55;1,08;Negativno;Ne
888;8,6;-13,9;7,58;3,02;Negativno;Ne
889;11,5;-32,0;7,12;2,33;Negativno;Ne
890;9,5;-68,4;6,67;5,66;Negativno;Ne
891;7,1;-27,8;7,45;4,52;Negativno;Ne
892;8,4;-23,8;7,28;2,23;Pozitivno;Ne
893;2,6;-63,9;7,0;1,92;Negativno;Ne
894;0,2;-45,9;7,21;0,48;Negativno;Da
895;5,9;-63,1;7,61;1,33;Negativno;Ne
896;10,8;-58,3;7,24;4,29;Pozitivno;Ne
897;2,1;-63,7;8,03;2,4;Negativno;Da
898;0,9;-29,5;7,39;0,9;Negativno;Ne
899;10,2;-63,5;5,92;3,43;Negativno;Ne
900;1,1;-57,9;7,41;5,85;Negativno;Ne
901;13,4;-34,0;6,98;1,75;Negativno;Ne
902;2,9;-34,6;6,36;4,56;Negativno;Ne
903;14,2;-60,9;7,16;3,38;Negativno;Ne
904;12,4;-52,4;7,41;4,62;Negativno;Ne
905;0,9;-49,7;6,87;0,89;Negativno;Ne
906;10,4;-62,6;7,52;5,31;Negativno;Ne
907;13,4;-79,6;7,08;2,29;Negativno;Ne
908;0,4;-45,5;7,29;5,9;Pozitivno;Ne
909;9,3;-51,7;7,18;1,66;Negativno;Ne
910;1,8;-57,6;6,44;4,86;Pozitivno;Ne
911;4,3;-43,3;6,91;5,63;Pozitivno;Ne
912;8,0;-51,2;6,82;4,16;Negativno;Ne
913;11,6;-34,7;7,02;4,84;Negativno;Ne
914;9,4;-32,8;7,0;4,4;Negativno;Ne
915;8,6;-77,6;7,31;4,21;Negativno;Ne
916;8,8;-55,4;6,71;1,71;Negativno;Ne
917;3,7;-35,4;8,15;5,14;Negativno;Ne
918;6,7;-39,7;7,14;2,57;Negativno;Ne
919;4,1;-50,5;7,33;5,12;Negativno;Ne
920;8,0;-62,0;6,89;3,47;Negativno;Ne
921;9,3;-53,8;6,72;4,78;Negativno;Ne
922;1,1;-34,6;6,85;3,83;Negativno;Ne
923;5,2;-50,5;7,32;4,35;Negativno;Da
924;13,2;-57,0;6,66;5,99;Negativno;Ne
925;9,6;-51,6;6,42;1,93;Negativno;Ne
926;11,9;-60,7;7,08;2,45;Negativno;Ne
927;0,3;-52,3;7,71;3,28;Negativno;Ne
928;0,5;-37,1;6,79;1,63;Negativno;Ne
929;8,2;-61,7;7,83;2,15;Negativno;Ne
930;14,1;-66,9;6,69;4,78;Negativno;Ne
931;7,5;-48,7;7,84;5,5;Negativno;Ne
932;3,3;-49,6;6,29;1,71;Negativno;Ne
933;1,1;-6,0;7,19;7,7896876401577195;Pozitivno;Da
934;9,4;-37,6;7,51;1,01;Pozitivno;Ne
935;14,0;-15,4;6,99;4,54;Negativno;Ne
936;1,1;-9,6;6,78;0,27;Negativno;Ne
937;10,7;-82,9;6,48;1,13;Negativno;Ne
938;7,5;-42,3;7,63;1,09;Negativno;Ne
939;2,4;-52,5;7,26;3,29;Negativno;Ne
940;6,3;-60,5;7,4;5,31;Negativno;Ne
941;3,8;-51,5;6,65;2,44;Negativno;Ne
942;14,6;-58,8;7,33;4,48;Negativno;Ne
943;14,2;-57,8;7,11;1,73;Negativno;Ne
944;5,7;-46,4;7,32;2,37;Negativno;Ne
945;10,8;-52,4;7,45;3,08;Negativno;Da
946;4,3;150,0;-2,0;5,92;Pozitivno;Ne
947;1,9;-75,7;6,03;4,39;Negativno;Ne
948;3,7;-101,9;7,09;5,97;Pozitivno;Ne
949;11,2;-64,5;7,33;1,13;Negativno;Ne
950;6,6;-62,7;7,12;3,65;Negativno;Ne
951;11,6;-24,7;7,41;1,41;Negativno;Ne
952;7,3;-72,6;6,99;3,77;Negativno;Ne
953;14,2;-38,5;6,83;4,42;Negativno;Ne
954;10,9;-73,8;7,28;3,24;Negativno;Ne
955;8,9;-36,5;7,54;2,3;Negativno;Ne
956;2,7;-63,0;8,11;5,83;Negativno;Ne
957;6,5;-57,1;6,54;2,15;Negativno;Ne
958;14,4;-55,1;7,92;1,69;Negativno;Ne
959;13,5;-42,2;6,94;5,38;Negativno;Da
960;15,0;-51,0;8,0;1,93;Negativno;Ne
961;14,0;-21,7;8,01;2,37;Negativno;Ne
962;9,5;-37,4;7,56;1,01;Negativno;Ne
963;3,1;-45,1;7,41;5,89;Negativno;Ne
964;11,6;-71,0;7,33;2,88;Negativno;Ne
965;12,4;-33,5;7,04;3,37;Negativno;Ne
966;5,5;-13,2;7,81;5,34;Negativno;Ne
967;2,7;-35,7;5,87;0,3;Negativno;Ne
968;12,6;-61,5;7,16;5,56;Negativno;Ne
969;5,6;-68,2;6,24;0,17;Negativno;Ne
970;2,1;-62,6;7,03;5,17;Negativno;Da
971;8,9;-43,3;7,12;4,3;Negativno;Ne
972;1,0;-55,0;6,68;3,84;Negativno;Ne
973;10,1;-55,1;7,62;5,77;Negativno;Ne
974;0,9;-59,8;7,09;5,28;Negativno;Ne
975;12,2;-58,6;7,07;3,4;Negativno;Ne
976;5,4;-56,2;6,36;4,85;Negativno;Ne
977;14,0;-62,5;6,4;0,29;Pozitivno;Ne
978;12,6;-58,2;7,39;5,19;Negativno;Ne
979;11,8;-45,8;7,19;0,97;Negativno;Da
980;12,3;-35,0;7,05;3,03;Negativno;Ne
981;12,5;-65,8;6,48;3,21;Negativno;Ne
982;5,3;-66,1;6,86;1,06;Negativno;Da
983;9,1;-61,9;7,48;3,22;Pozitivno;Ne
984;12,1;-58,5;7,12;0,84;Negativno;Ne
985;3,7;-55,7;7,26;1,61;Negativno;Ne
986;4,3;-63,8;6,67;1,91;Negativno;Ne
987;5,0;-58,2;7,11;5,22;Negativno;Ne
988;0,5;-57,0;6,79;1,38;Negativno;Da
989;7,2;-74,6;6,64;4,77;Negativno;Ne
990;7,9;-55,5;7,01;2,9;Negativno;Ne
991;12,2;-58,3;6,02;0,53;Negativno;Ne
992;2,1;-48,5;6,65;4,93;Negativno;Ne
993;0,9;-49,5;7,42;1,49;Negativno;Ne
994;0,2;-56,1;6,75;1,73;Negativno;Ne
995;10,0;-55,6;6,42;4,27;Negativno;Da
996;13,1;-52,9;7,35;3,89;Negativno;Ne
997;12,2;-49,9;7,6;1,93;Negativno;Ne
998;2,7;-49,1;6,79;1,12;Negativno;Ne
999;10,8;-57,1;7,02;0,66;Negativno;Ne
1000;13,5;-44,0;6,47;1,51;Negativno;Ne
1001;12,8;-40,6;6,25;1,59;Negativno;Ne
1002;3,8;-38,0;7,22;3,7;Negativno;Ne
1003;13,5;-13,7;6,44;6,113767774996434;Pozitivno;Da
1004;5,3;-53,3;7,03;0,91;Negativno;Ne
1005;14,7;-5,1;7,48;7,67968764015772;Pozitivno;Da
1006;13,9;-41,5;6,49;4,22;Negativno;Ne
1007;13,1;-28,5;6,8;0,99;Negativno;Ne
1008;10,7;-54,0;7,03;2,98;Negativno;Da
1009;14,2;-53,6;6,96;1,01;Negativno;Ne
1010;9,7;-50,7;6,72;3,13;Negativno;Ne
1011;2,6;-48,0;7,07;0,57;Negativno;Ne
1012;9,5;-64,4;6,2;2,53;Negativno;Ne
1013;11,8;-51,9;6,43;3,95;Negativno;Ne
1014;10,1;-31,0;6,93;4,63;Negativno;Ne
1015;11,1;-55,2;6,97;3,05;Negativno;Ne
1016;11,4;-60,4;7,78;3,42;Negativno;Ne
1017;8,8;-35,8;6,0;3,89;Negativno;Ne
1018;4,4;-33,3;6,99;3,82;Negativno;Ne
1019;0,6;-56,7;7,89;0,88;Negativno;Ne
1020;12,3;-34,4;7,85;3,88;Negativno;Ne
1021;14,2;-35,6;7,09;5,09;Negativno;Ne
1022;9,0;-85,7;7,12;1,52;Negativno;Ne
1023;4,4;-14,1;7,11;8,21968764015772;Pozitivno;Da
1024;3,2;-60,7;7,04;2,33;Negativno;Da
1025;6,7;-26,7;6,97;3,36;Negativno;Ne
1026;13,3;-39,0;7,18;0,84;Negativno;Ne
1027;11,5;-40,3;6,77;3,05;Negativno;Ne
1028;9,4;-50,9;7,97;1,6;Pozitivno;Ne
1029;9,4;-46,0;6,47;2,56;Negativno;Ne
1030;3,7;-56,1;7,07;6,0;Negativno;Ne
1031;8,7;-67,2;7,74;2,51;Negativno;Ne
1032;12,0;-36,2;7,07;1,68;Negativno;Ne
1033;12,9;-48,6;6,96;4,92;Negativno;Ne
1034;6,0;-67,3;7,94;4,92;Negativno;Ne
1035;9,7;-46,9;7,23;4,34;Negativno;Ne
1036;14,7;-40,7;6,32;0,33;Negativno;Ne
1037;7,2;-61,9;6,74;2,29;Negativno;Ne
1038;6,1;-41,1;7,05;3,34;Pozitivno;Ne
1039;13,1;-44,6;6,75;1,19;Negativno;Ne
1040;9,0;-72,4;6,81;1,59;Negativno;Ne
1041;12,8;-42,4;7,23;2,11;Negativno;Ne
1042;14,2;-54,0;6,81;0,98;Negativno;Ne
1043;10,1;-61,6;7,11;5,7;Pozitivno;Ne
1044;13,1;-62,1;6,38;1,27;Negativno;Ne
1045;14,7;-63,1;6,79;1,38;Negativno;Ne
1046;4,6;-52,1;6,92;5,91;Negativno;Ne
1047;1,9;-60,0;7,12;2,09;Negativno;Ne
1048;12,5;-52,5;6,93;2,09;Negativno;Ne
1049;3,4;-57,9;7,2;2,58;Negativno;Ne
1050;5,3;-74,1;7,33;2,66;Negativno;Ne
1051;12,7;-45,7;7,72;0,83;Negativno;Ne
1052;7,2;-62,0;7,32;4,86;Negativno;Ne
1053;4,9;-10,8;6,91;1,93;Negativno;Ne
1054;2,7;-70,4;7,33;3,52;Negativno;Ne
1055;12,7;-39,3;6,27;5,32;Negativno;Ne
1056;2,2;-56,6;5,73;3,49;Negativno;Ne
1057;9,6;-61,1;7,07;4,21;Negativno;Ne
1058;13,3;-62,7;7,83;0,23;Negativno;Ne
1059;11,1;-36,8;6,5;0,34;Negativno;Ne
1060;1,4;-73,5;7,69;3,1;Negativno;Ne
1061;8,8;-66,5;6,26;4,61;Negativno;Ne
1062;14,9;-66,4;6,77;5,32;Negativno;Ne
1063;3,9;-41,4;6,91;0,68;Negativno;Ne
1064;5,4;-34,5;6,47;2,56;Negativno;Ne
1065;12,6;-32,2;7,14;5,39;Negativno;Ne
1066;9,9;-18,2;7,06;7,7096876401577195;Pozitivno;Da
1067;2,7;-37,7;7,3;0,35;Negativno;Ne
1068;9,3;-65,0;6,61;5,73;Negativno;Ne
1069;1,3;-20,5;6,85;2,42;Negativno;Ne
1070;2,3;-22,9;7,03;4,9;Negativno;Ne
1071;0,6;-75,8;7,52;4,06;Negativno;Ne
1072;1,5;-39,7;6,81;4,88;Negativno;Ne
1073;4,6;-46,8;6,66;4,08;Negativno;Ne
1074;0,5;-81,7;6,63;4,59;Negativno;Ne
1075;9,5;-70,6;6,76;1,91;Negativno;Ne
1076;14,9;-54,9;6,25;4,63;Negativno;Ne
1077;11,1;-75,9;6,27;2,26;Negativno;Ne
1078;1,2;-47,8;6,53;2,6;Negativno;Ne
1079;6,8;-48,3;7,01;5,99;Negativno;Ne
1080;4,6;-57,8;6,81;0,44;Negativno;Ne
1081;9,7;-17,0;6,87;1,73;Negativno;Ne
1082;1,3;-10,8;6,85;9,27968764015772;Pozitivno;Da
1083;10,9;-47,5;8,57;1,03;Negativno;Ne
1084;4,8;-74,6;6,4;3,35;Negativno;Ne
1085;2,5;-46,4;6,57;5,37;Negativno;Ne
1086;12,0;-20,0;6,44;3,95;Pozitivno;Ne
1087;0,1;-37,9;6,98;5,95;Negativno;Ne
1088;5,0;-90,3;7,13;5,51;Negativno;Ne
1089;6,8;-48,1;6,06;3,69;Negativno;Ne
1090;4,4;-55,6;6,89;5,52;Pozitivno;Ne
1091;6,9;-49,9;6,7;1,78;Negativno;Ne
1092;7,4;-62,6;7,42;4,82;Negativno;Ne
1093;5,4;-46,2;7,5;4,0;Negativno;Ne
1094;14,9;-53,7;7,47;3,62;Negativno;Ne
1095;8,3;-45,9;7,15;2,86;Pozitivno;Ne
1096;13,4;-44,0;6,44;4,68;Negativno;Ne
1097;8,4;-46,1;7,6;3,34;Negativno;Ne
1098;11,2;-53,4;7,06;4,72;Negativno;Ne
1099;11,9;-40,8;7,44;2,81;Negativno;Ne
1100;1,9;-64,9;6,61;4,84;Negativno;Ne
1101;3,7;-68,1;6,88;1,04;Negativno;Ne
1102;4,8;-54,5;7,36;5,16;Negativno;Ne
1103;14,0;-72,0;6,94;0,45;Negativno;Ne
1104;6,2;-39,2;7,73;1,97;Negativno;Ne
1105;3,9;-22,0;6,5;2,93;Negativno;Ne
1106;14,7;-36,1;6,94;3,94;Negativno;Ne
1107;2,5;-27,0;7,84;0,52;Negativno;Ne
1108;9,3;-53,5;7,05;0,23;Pozitivno;Ne
1109;6,2;-58,1;6,72;2,59;Negativno;Ne
1110;1,1;-69,6;6,83;3,92;Negativno;Ne
1111;10,7;-58,1;7,41;4,54;Negativno;Ne
1112;11,5;-61,3;6,73;4,76;Negativno;Ne
1113;7,4;-29,2;7,22;1,39;Negativno;Ne
1114;2,7;-54,3;7,0;4,19;Negativno;Ne
1115;7,0;-68,8;7,35;1,61;Negativno;Ne
1116;7,2;150,0;-2,0;5,6;Pozitivno;Ne
1117;4,7;-45,8;7,08;2,3;Negativno;Ne
1118;8,1;-66,8;7,45;3,34;Negativno;Da
1119;5,5;-29,9;7,04;2,19;Negativno;Ne
1120;8,3;-57,8;6,44;3,77;Negativno;Ne
1121;7,7;-35,9;7,38;4,97;Negativno;Ne
1122;9,6;-22,7;6,91;2,56;Negativno;Ne
1123;14,4;-59,0;6,3;4,77;Negativno;Ne
1124;11,5;-60,4;7,34;3,07;Negativno;Ne
1125;8,0;-50,0;6,15;3,98;Negativno;Ne
1126;14,3;-51,7;6,72;3,07;Pozitivno;Ne
1127;3,7;-61,2;7,26;3,68;Negativno;Ne
1128;3,1;-49,6;7,06;2,97;Negativno;Ne
1129;7,1;-43,1;7,45;3,52;Negativno;Ne
1130;4,3;-37,8;6,9;2,29;Negativno;Ne
1131;2,2;-52,6;6,62;1,79;Negativno;Ne
1132;8,8;-29,4;6,18;3,89;Negativno;Ne
1133;0,8;-56,2;5,46;2,05;Negativno;Ne
1134;4,4;-49,6;7,2;4,02;Negativno;Ne
1135;1,6;-73,3;7,19;5,28;Negativno;Ne
1136;15,0;-27,4;7,17;3,97;Negativno;Ne
1137;2,4;-42,1;6,76;0,27;Negativno;Ne
1138;1,7;-44,0;6,71;3,55;Negativno;Ne
1139;4,5;-68,8;7,55;4,73;Negativno;Ne
1140;14,4;-69,3;7,37;5,48;Negativno;Ne
1141;9,2;-38,9;6,6;4,97;Negativno;Ne
1142;14,4;-50,5;6,59;1,49;Negativno;Ne
1143;6,8;-44,1;7,06;4,82;Negativno;Ne
1144;5,6;-36,9;6,89;3,73;Negativno;Ne
1145;5,6;-54,4;7,66;3,53;Negativno;Ne
1146;7,4;-55,0;6,95;1,61;Pozitivno;Ne
1147;3,1;-53,0;8,03;5,33;Negativno;Ne
1148;14,7;-63,9;6,21;5,21;Negativno;Ne
1149;3,9;-58,0;7,57;4,89;Negativno;Ne
1150;9,5;-27,6;8,06;2,21;Negativno;Ne
1151;2,4;-43,8;6,45;1,69;Negativno;Ne
1152;3,8;-32,2;7,12;4,89;Negativno;Ne
1153;13,2;-68,5;6,79;2,97;Negativno;Ne
1154;7,7;-47,5;6,83;2,56;Negativno;Ne
1155;13,8;-58,3;6,85;1,49;Negativno;Ne
1156;7,0;-81,2;7,08;5,65;Pozitivno;Ne
1157;3,1;-54,4;7,28;1,21;Negativno;Ne
1158;11,0;-32,1;6,99;5,06;Pozitivno;Ne
1159;4,8;-52,3;7,45;2,12;Negativno;Ne
1160;3,2;-44,8;6,45;5,23;Negativno;Ne
1161;6,8;-46,2;7,54;4,43;Negativno;Ne
1162;12,4;-59,7;7,33;1,08;Pozitivno;Ne
1163;2,0;-36,4;6,89;0,49;Negativno;Ne
1164;11,6;-29,7;7,22;0,48;Pozitivno;Ne
1165;7,7;-41,6;7,13;3,01;Pozitivno;Ne
1166;9,3;-25,0;6,46;3,91;Negativno;Ne
1167;7,5;-50,2;7,12;4,07;Negativno;Ne
1168;8,3;-61,5;6,42;0,9;Negativno;Ne
1169;4,3;-52,0;7,57;4,01;Negativno;Ne
1170;0,7;-62,4;6,6;0,5;Negativno;Ne
1171;9,3;-46,1;6,37;2,79;Negativno;Ne
1172;6,4;-69,2;7,39;3,85;Negativno;Ne
1173;14,3;-46,0;6,34;3,03;Negativno;Ne
1174;14,7;-31,4;7,88;5,08;Negativno;Ne
1175;14,9;-46,8;6,77;3,35;Negativno;Ne
1176;4,2;-46,6;6,77;4,55;Negativno;Ne
1177;5,2;-24,3;6,76;3,62;Negativno;Ne
1178;0,7;-46,5;7,98;2,8;Negativno;Ne
1179;10,8;-10,7;5,21;7,073767774996433;Pozitivno;Da
1180;8,7;-59,7;6,84;4,2;Negativno;Ne
1181;11,7;-52,3;7,5;3,19;Negativno;Ne
1182;5,2;-45,0;6,81;2,93;Negativno;Ne
1183;2,0;-63,8;7,36;0,98;Negativno;Ne
1184;8,4;-61,2;6,82;0,22;Negativno;Ne
1185;10,7;-28,7;7,22;3,35;Pozitivno;Ne
1186;8,5;-55,8;7,9;4,7;Negativno;Ne
1187;2,0;-37,8;6,21;2,23;Negativno;Ne
1188;0,8;-86,7;6,82;3,58;Negativno;Ne
1189;2,1;-51,5;6,79;2,85;Pozitivno;Ne
1190;9,8;-36,4;6,84;3,47;Negativno;Ne
1191;4,7;-34,6;7,06;0,35;Negativno;Ne
1192;0,2;-75,1;6,55;1,6;Negativno;Ne
1193;13,4;-41,8;7,38;2,01;Negativno;Ne
1194;9,2;-54,9;7,54;1,66;Negativno;Ne
1195;2,9;-21,8;6,71;0,72;Negativno;Ne
1196;2,8;-32,7;7,13;1,93;Negativno;Ne
1197;9,6;-41,0;6,92;3,56;Negativno;Ne
1198;9,2;-60,4;6,83;2,27;Negativno;Ne
1199;2,6;-39,5;6,9;0,64;Negativno;Ne
1200;7,0;-55,5;6,54;3,41;Negativno;Ne
1201;2,4;-36,5;6,73;1,68;Negativno;Ne
1202;5,9;-35,1;7,24;3,42;Negativno;Ne
1203;4,6;-13,8;7,33;5,9596876401577195;Pozitivno;Da
1204;1,9;-45,6;7,62;3,98;Negativno;Ne
1205;0,1;-71,9;7,19;1,62;Negativno;Ne
1206;5,2;-10,8;7,24;5,9837677749964335;Pozitivno;Da
1207;8,3;-54,0;6,38;4,12;Negativno;Ne
1208;15,0;-73,0;6,62;1,07;Negativno;Ne
1209;3,5;-44,7;7,4;2,68;Negativno;Ne
1210;2,1;-39,9;7,69;1,54;Negativno;Ne
1211;5,5;-45,4;7,28;1,85;Negativno;Ne
1212;9,3;-68,7;6,78;0,38;Negativno;Ne
1213;12,1;-52,7;6,63;1,69;Negativno;Ne
1214;13,0;-57,8;7,24;1,75;Negativno;Ne
1215;10,2;-49,5;7,48;2,42;Negativno;Ne
1216;6,5;-44,1;6,89;4,73;Negativno;Ne
1217;12,7;-61,6;8,33;0,72;Negativno;Ne
1218;8,4;-24,6;7,51;3,16;Negativno;Ne
1219;8,2;-75,4;6,89;3,14;Negativno;Ne
1220;0,2;-40,1;7,31;2,2;Negativno;Ne
1221;1,4;-53,2;5,87;1,67;Negativno;Ne
1222;11,3;-46,9;7,64;3,23;Negativno;Ne
1223;9,8;-59,8;5,43;0,62;Negativno;Ne
1224;6,9;-64,2;6,76;1,56;Pozitivno;Ne
1225;4,3;-65,9;7,11;3,12;Negativno;Da
1226;10,9;-54,9;6,96;1,72;Negativno;Ne
1227;3,6;-70,0;7,05;1,15;Negativno;Ne
1228;4,2;-47,2;6,46;3,14;Negativno;Ne
1229;0,5;-60,6;6,75;1,39;Negativno;Ne
1230;3,9;-11,7;7,29;10,299687640157721;Pozitivno;Da
1231;6,6;-69,2;6,73;1,21;Negativno;Ne
1232;13,6;-36,1;6,6;1,83;Negativno;Ne
1233;1,6;-42,0;7,21;2,75;Negativno;Ne
1234;11,9;-47,6;7,37;2,22;Negativno;Ne
1235;2,8;-31,0;7,26;5,53;Negativno;Ne
1236;9,1;-30,4;6,18;2,08;Negativno;Ne
1237;1,7;-29,2;7,63;1,75;Negativno;Ne
1238;10,1;-31,1;6,85;4,57;Negativno;Ne
1239;5,5;-52,3;7,4;5,9;Pozitivno;Ne
1240;9,0;-52,3;6,32;3,98;Negativno;Ne
1241;4,6;-54,0;7,54;2,73;Negativno;Ne
1242;12,0;-37,2;6,73;2,04;Negativno;Ne
1243;11,9;-52,3;7,55;4,43;Negativno;Ne
1244;3,9;-62,2;7,4;0,71;Negativno;Ne
1245;5,1;-44,5;7,94;4,63;Negativno;Ne
1246;14,8;-80,3;7,39;3,85;Negativno;Ne
1247;4,3;-65,2;7,24;4,14;Negativno;Ne
1248;3,4;-43,5;7,14;3,29;Negativno;Ne
1249;13,5;-50,9;7,46;4,64;Negativno;Ne
1250;5,7;-44,1;7,08;2,93;Pozitivno;Ne
1251;2,6;-41,8;7,19;5,8;Negativno;Ne
1252;4,5;-61,7;6,33;2,85;Negativno;Ne
1253;2,6;-51,9;7,5;0,41;Negativno;Ne
1254;14,4;-45,9;7,4;4,79;Negativno;Ne
1255;8,2;-50,1;6,86;4,45;Negativno;Ne
1256;2,4;-46,5;8,24;5,66;Negativno;Ne
1257;11,6;-28,6;7,56;0,24;Pozitivno;Da
1258;7,5;-61,4;7,38;5,32;Negativno;Ne
1259;1,2;-9,3;6,88;6,83968764015772;Pozitivno;Da
1260;9,2;-37,3;6,95;5,01;Negativno;Ne
1261;11,7;-50,1;6,6;1,96;Negativno;Ne
1262;15,0;-53,6;6,29;1,83;Pozitivno;Ne
1263;1,0;-50,9;6,77;4,71;Negativno;Ne
1264;14,3;-39,9;7,46;0,31;Negativno;Ne
1265;14,1;-53,8;6,68;3,02;Negativno;Ne
1266;1,5;-41,2;6,77;0,5;Negativno;Ne
1267;2,4;-53,3;6,72;0,81;Negativno;Ne
1268;1,0;-57,6;6,78;3,66;Negativno;Ne
1269;10,0;-54,0;6,79;1,39;Negativno;Ne
1270;0,2;-18,7;6,03;4,16;Negativno;Ne
1271;13,9;-61,5;7,22;1,77;Negativno;Ne
1272;0,4;-63,1;5,97;4,93;Negativno;Ne
1273;9,2;-27,8;7,17;5,97;Pozitivno;Ne
1274;5,1;-34,1;7,01;2,52;Negativno;Ne
1275;12,3;-65,2;6,49;1,78;Negativno;Ne
1276;3,1;-12,2;6,34;1,57;Negativno;Ne
1277;3,0;-56,6;6,18;5,13;Negativno;Ne
1278;3,2;-30,9;7,22;2,16;Negativno;Ne
1279;8,4;-47,8;7,45;2,03;Negativno;Ne
1280;11,1;-47,4;6,74;5,58;Negativno;Ne
1281;11,1;-56,6;6,94;4,99;Negativno;Ne
1282;6,5;-49,8;7,57;5,75;Negativno;Ne
1283;12,8;-50,8;7,23;4,93;Negativno;Ne
1284;14,0;-48,4;7,14;0,49;Negativno;Ne
1285;11,5;-64,0;7,26;5,7;Negativno;Ne
1286;1,8;-6,9;7,12;7,553767774996434;Pozitivno;Da
1287;6,5;-49,1;6,59;2,95;Negativno;Ne
1288;1,8;-41,9;6,95;5,28;Negativno;Ne
1289;8,1;-50,7;7,14;5,8;Negativno;Ne
1290;14,2;-67,7;6,67;5,03;Negativno;Ne
1291;3,0;-58,0;6,98;0,48;Negativno;Ne
1292;14,9;-43,3;7,32;1,03;Negativno;Ne
1293;13,7;-71,2;7,26;2,95;Negativno;Ne
1294;6,2;-34,9;6,55;3,48;Negativno;Ne
1295;14,6;-35,1;7,28;3,04;Negativno;Ne
1296;2,7;-35,2;7,02;4,77;Negativno;Ne
1297;11,0;-64,8;7,71;2,26;Negativno;Ne
1298;8,7;-40,3;6,95;3,95;Negativno;Da
1299;8,7;-46,4;7,19;1,94;Negativno;Ne
1300;11,9;-58,2;6,72;4,63;Pozitivno;Ne
1301;11,4;-34,6;6,81;4,53;Negativno;Ne
1302;10,9;-42,2;6,76;4,85;Negativno;Ne
1303;4,2;-28,5;7,56;2,62;Negativno;Ne
1304;3,3;-44,0;6,8;0,62;Negativno;Ne
1305;9,1;-35,6;7,02;0,56;Negativno;Ne
1306;13,9;-47,7;6,92;3,23;Negativno;Ne
1307;11,6;-49,3;6,68;3,34;Negativno;Ne
1308;12,6;-45,7;6,77;0,59;Negativno;Ne
1309;12,3;-47,6;7,62;5,15;Negativno;Ne
1310;7,7;-70,0;6,33;2,82;Negativno;Ne
1311;11,0;-47,7;7,71;2,26;Negativno;Ne
1312;3,6;-17,4;6,14;8,56968764015772;Pozitivno;Da
1313;6,4;-49,4;7,09;1,69;Negativno;Ne
1314;2,9;-13,8;7,51;8,92968764015772;Pozitivno;Da
1315;8,6;-55,1;7,07;5,94;Pozitivno;Ne
1316;9,7;-41,0;6,51;4,53;Negativno;Ne
1317;4,2;-62,3;6,46;2,71;Negativno;Ne
1318;0,5;-60,4;7,76;0,3;Negativno;Ne
1319;3,4;-71,4;6,58;5,46;Negativno;Ne
1320;5,7;-46,7;6,94;5,92;Negativno;Ne
1321;2,1;-38,1;7,59;3,65;Negativno;Ne
1322;5,3;-47,3;7,88;5,16;Negativno;Ne
1323;7,4;-51,0;6,25;2,89;Negativno;Ne
1324;9,1;-73,9;8,02;4,42;Negativno;Ne
1325;9,8;-50,8;7,37;3,54;Negativno;Da
1326;1,0;-37,7;7,13;2,71;Negativno;Ne
1327;13,5;-47,4;6,67;0,7;Negativno;Ne
1328;2,2;-66,5;6,63;5,71;Negativno;Ne
1329;0,9;-46,0;7,32;3,18;Negativno;Ne
1330;2,6;-68,2;7,03;5,34;Negativno;Ne
1331;2,2;-21,8;7,61;2,54;Negativno;Ne
1332;9,3;-61,0;7,12;1,88;Negativno;Ne
1333;6,0;-66,3;6,8;2,69;Pozitivno;Ne
1334;8,4;-39,7;7,06;0,28;Negativno;Ne
1335;3,8;-49,1;6,64;5,58;Negativno;Ne
1336;14,8;-44,8;6,26;2,68;Negativno;Ne
1337;5,1;-52,4;6,94;3,97;Negativno;Ne
1338;12,7;-53,5;7,13;1,02;Negativno;Ne
1339;3,9;-26,1;6,87;2,59;Negativno;Ne
1340;5,2;-66,1;6,45;1,67;Negativno;Da
1341;8,3;-44,5;7,29;4,15;Negativno;Ne
1342;10,7;-46,2;7,38;2,13;Negativno;Ne
1343;7,0;-51,2;7,11;5,18;Negativno;Ne
1344;10,1;-28,1;6,75;4,73;Negativno;Ne
1345;9,2;-16,6;6,66;4,52;Negativno;Ne
1346;11,6;-69,5;7,71;1,61;Negativno;Ne
1347;13,9;-59,4;7,18;3,7;Negativno;Ne
1348;4,1;-66,2;6,11;3,69;Negativno;Ne
1349;10,3;-82,9;7,43;4,59;Negativno;Ne
1350;4,7;-34,9;7,1;4,15;Negativno;Ne
1351;14,1;-57,5;7,44;5,56;Negativno;Ne
1352;10,9;-53,4;7,46;5,97;Negativno;Ne
1353;8,4;-74,8;6,67;5,18;Negativno;Ne
1354;6,1;-45,6;7,27;0,4;Negativno;Ne
1355;5,8;-25,0;7,24;5,72;Negativno;Ne
1356;12,2;-54,6;6,63;4,82;Pozitivno;Da
1357;4,3;-61,1;6,86;1,53;Negativno;Ne
1358;10,1;-54,9;6,2;5,51;Pozitivno;Ne
1359;13,0;-48,9;7,5;0,1;Negativno;Ne
1360;4,2;-41,4;6,63;2,09;Pozitivno;Ne
1361;5,4;-39,5;7,28;1,75;Pozitivno;Ne
1362;10,4;-18,5;6,66;8,649687640157719;Pozitivno;Da
1363;2,8;-59,9;7,34;2,12;Negativno;Ne
1364;8,0;-27,0;6,31;1,19;Negativno;Ne
1365;7,4;-60,0;6,85;5,15;Negativno;Ne
1366;13,7;-55,8;7,14;2,76;Negativno;Ne
1367;0,4;-71,1;7,13;4,68;Pozitivno;Ne
1368;9,0;-40,5;7,36;3,53;Pozitivno;Ne
1369;8,3;-32,1;7,9;3,63;Negativno;Ne
1370;13,8;-27,5;6,51;2,3;Negativno;Ne
1371;8,4;-53,1;7,72;3,25;Negativno;Ne
1372;14,4;-56,8;9,09;5,51;Negativno;Ne
1373;0,5;-72,4;7,56;0,92;Negativno;Ne
1374;5,7;-36,1;6,05;2,82;Negativno;Ne
1375;12,4;-38,9;7,3;2,25;Negativno;Ne
1376;11,9;-48,6;7,91;4,2;Negativno;Ne
1377;6,1;-49,9;7,49;5,33;Negativno;Ne
1378;1,1;-65,4;6,12;2,79;Negativno;Ne
1379;13,0;-65,1;7,22;2,61;Negativno;Ne
1380;0,4;-73,8;7,36;1,2;Negativno;Ne
1381;5,3;-48,3;7,45;1,73;Negativno;Ne
1382;14,6;-44,5;7,46;5,33;Negativno;Ne
1383;10,4;-35,1;7,54;1,95;Negativno;Ne
1384;3,7;-34,7;8,13;1,29;Negativno;Ne
1385;8,5;-88,2;7,34;1,32;Negativno;Ne
1386;5,1;-68,3;7,0;5,39;Negativno;Ne
1387;4,1;-25,9;6,82;5,34;Negativno;Ne
1388;5,4;-22,5;5,87;3,66;Negativno;Ne
1389;2,0;-17,5;7,02;4,82;Negativno;Ne
1390;13,7;-30,9;7,07;0,26;Negativno;Ne
1391;12,7;-32,5;6,96;1,08;Negativno;Da
1392;13,1;-65,8;6,98;5,02;Negativno;Ne
1393;8,4;-67,6;6,45;0,48;Negativno;Ne
1394;9,6;-55,8;6,8;5,76;Negativno;Ne
1395;13,0;-38,7;6,56;5,7;Negativno;Ne
1396;14,1;-55,3;7,0;0,45;Negativno;Ne
1397;8,6;-63,2;7,46;0,82;Negativno;Ne
1398;3,0;-25,5;7,46;5,62;Pozitivno;Ne
1399;13,0;-57,6;6,33;5,77;Negativno;Ne
1400;0,1;-62,5;7,12;2,67;Negativno;Ne
1401;11,5;-39,4;7,73;5,72;Negativno;Ne
1402;12,1;-20,7;7,69;5,1;Negativno;Ne
1403;11,5;-48,2;7,15;4,45;Negativno;Ne
1404;2,2;-67,8;8,0;1,3;Negativno;Ne
1405;4,4;-62,4;6,69;1,57;Negativno;Ne
1406;12,6;-40,6;7,8;0,27;Negativno;Ne
1407;12,4;-48,8;7,44;1,48;Negativno;Ne
1408;11,6;-37,1;7,75;0,29;Negativno;Ne
1409;12,5;-43,7;6,87;3,52;Negativno;Ne
1410;13,9;-59,5;7,52;1,57;Negativno;Ne
1411;3,0;-29,8;7,11;1,35;Negativno;Ne
1412;3,2;-70,2;6,95;0,61;Negativno;Da
1413;0,7;-62,9;7,04;5,52;Negativno;Ne
1414;1,5;-42,5;7,12;0,95;Pozitivno;Ne
1415;0,2;-10,9;7,13;6,423767774996434;Pozitivno;Da
1416;11,2;-37,2;6,91;2,82;Negativno;Ne
1417;7,9;-40,4;7,52;2,12;Negativno;Ne
1418;7,0;-37,2;7,92;2,81;Negativno;Ne
1419;6,9;-37,9;6,66;3,88;Pozitivno;Ne
1420;5,4;-56,5;7,33;4,48;Negativno;Ne
1421;9,8;-63,3;7,22;2,45;Negativno;Ne
1422;6,0;-53,4;6,35;1,38;Negativno;Ne
1423;9,4;-61,0;6,49;4,13;Negativno;Ne
1424;3,1;150,0;-2,0;0,49;Pozitivno;Ne
1425;13,9;-39,5;6,55;2,65;Negativno;Ne
1426;12,2;-30,7;6,49;3,09;Negativno;Ne
1427;0,9;-75,1;6,89;2,61;Negativno;Ne
1428;11,3;-32,5;7,67;4,54;Negativno;Ne
1429;11,6;-36,4;6,52;2,39;Negativno;Ne
1430;14,4;-52,7;6,4;5,22;Negativno;Ne
1431;5,2;-79,5;6,66;4,0;Negativno;Ne
1432;13,6;-47,7;7,04;5,07;Negativno;Ne
1433;10,8;-78,8;6,9;3,08;Negativno;Ne
1434;3,2;-47,6;7,46;1,41;Negativno;Ne
1435;6,9;-42,4;7,46;0,88;Negativno;Da
1436;10,1;-48,2;7,15;0,26;Negativno;Ne
1437;3,4;-18,7;7,25;4,933767774996434;Pozitivno;Da
1438;1,0;-79,1;7,2;3,38;Negativno;Ne
1439;8,0;-53,2;7,11;1,75;Negativno;Ne
1440;6,3;-45,5;7,35;2,22;Negativno;Ne
1441;2,1;-63,5;7,0;1,29;Negativno;Ne
1442;9,8;-33,7;6,64;0,81;Negativno;Ne
1443;1,6;-27,1;6,75;2,29;Negativno;Ne
1444;6,6;-58,4;6,72;3,1;Negativno;Ne
1445;7,4;-64,2;7,1;1,67;Negativno;Ne
1446;13,9;-57,9;7,81;0,41;Negativno;Ne
1447;4,1;-62,0;6,86;1,84;Negativno;Ne
1448;0,5;-33,2;7,02;4,88;Negativno;Ne
1449;1,1;-43,2;6,56;4,19;Negativno;Ne
1450;14,4;-58,1;6,94;4,98;Negativno;Ne
1451;5,3;-41,8;6,37;1,83;Negativno;Ne
1452;13,9;-71,9;7,0;1,28;Negativno;Ne
1453;3,4;-35,6;6,28;5,64;Negativno;Ne
1454;11,5;-32,8;7,26;1,75;Negativno;Ne
1455;5,6;-36,0;7,02;0,14;Negativno;Ne
1456;13,0;-19,8;7,41;0,37;Negativno;Ne
1457;1,4;-35,2;6,86;5,18;Negativno;Ne
1458;10,7;-56,9;7,13;1,8;Negativno;Da
1459;12,1;-55,4;6,56;1,51;Negativno;Ne
1460;4,9;-27,5;6,93;1,5;Negativno;Ne
1461;12,5;-69,0;7,01;5,93;Negativno;Ne
1462;11,6;-58,9;7,1;4,39;Negativno;Ne
1463;3,9;-66,3;6,7;2,06;Negativno;Ne
1464;11,8;-35,1;6,75;1,44;Negativno;Ne
1465;14,1;-44,4;6,74;1,52;Pozitivno;Ne
1466;8,0;-50,0;6,96;4,94;Negativno;Ne
1467;2,9;-38,2;5,98;1,88;Negativno;Ne
1468;8,4;-33,8;7,48;3,52;Negativno;Ne
1469;2,2;-70,7;7,47;2,75;Pozitivno;Ne
1470;0,3;-37,6;6,81;5,86;Negativno;Ne
1471;13,9;-29,5;6,31;1,85;Negativno;Ne
1472;9,9;-30,4;7,98;0,27;Negativno;Ne
1473;2,2;-77,3;6,93;0,36;Negativno;Ne
1474;8,1;-74,4;7,6;1,71;Negativno;Ne
1475;11,1;-17,2;6,12;3,8;Negativno;Ne
1476;9,1;-52,9;6,74;4,76;Negativno;Ne
1477;3,9;-67,0;6,65;2,66;Negativno;Ne
1478;14,1;-35,1;6,08;5,84;Negativno;Ne
1479;2,4;-59,4;7,76;3,2;Negativno;Ne
1480;2,6;-51,1;6,89;4,76;Negativno;Da
1481;8,4;-45,6;7,62;5,38;Negativno;Ne
1482;11,5;-11,0;6,98;8,059687640157719;Pozitivno;Da
1483;11,6;-43,8;7,89;2,59;Negativno;Ne
1484;7,9;-79,6;6,09;5,03;Negativno;Ne
1485;8,6;-31,8;6,32;1,66;Negativno;Ne
1486;1,6;-44,9;6,85;3,43;Negativno;Ne
1487;3,1;-56,6;7,44;2,08;Negativno;Ne
1488;8,1;-37,2;7,41;4,21;Negativno;Ne
1489;4,9;-44,7;6,73;4,87;Negativno;Ne
1490;3,1;-22,1;7,7;1,89;Negativno;Ne
1491;13,7;-58,3;7,37;4,78;Negativno;Ne
1492;2,4;-40,4;7,44;0,78;Negativno;Ne
1493;3,3;-32,9;7,54;5,39;Negativno;Ne
1494;4,0;-46,3;7,14;2,14;Negativno;Ne
1495;5,6;-28,4;7,4;0,43;Negativno;Ne
1496;2,1;-28,1;6,78;0,11;Negativno;Ne
1497;4,4;-81,8;7,04;5,19;Negativno;Ne
1498;1,5;-56,6;6,76;3,79;Negativno;Ne
1499;3,7;-40,0;6,74;0,47;Negativno;Ne
1500;2,5;-52,0;6,51;3,5;Negativno;Ne
1501;7,1;-47,0;7,59;5,01;Negativno;Ne
1502;15,0;-47,3;6,78;5,59;Negativno;Ne
1503;7,9;-51,6;6,98;3,41;Pozitivno;Ne
1504;1,4;-56,3;6,86;0,13;Negativno;Ne
1505;9,3;-22,9;6,55;2,31;Negativno;Ne
1506;2,4;-48,8;7,11;3,41;Negativno;Ne
1507;11,9;-44,1;7,5;4,51;Negativno;Ne
1508;10,1;-73,2;6,09;5,21;Negativno;Ne
1509;11,1;-86,9;6,81;1,87;Negativno;Ne
1510;1,0;-54,3;6,54;2,81;Pozitivno;Ne
1511;12,3;-37,7;7,07;1,34;Negativno;Ne
1512;6,1;-73,7;7,29;5,23;Negativno;Ne
1513;6,4;-59,4;6,86;5,67;Negativno;Ne
1514;3,3;-35,4;7,37;0,55;Negativno;Ne
1515;13,8;-39,4;7,91;3,62;Negativno;Ne
1516;1,7;-49,0;6,18;4,2;Negativno;Ne
1517;11,5;-38,0;7,43;5,59;Pozitivno;Ne
1518;15,0;-78,7;6,67;0,46;Negativno;Ne
1519;7,3;-26,2;6,59;3,66;Negativno;Ne
1520;11,5;-69,9;6,97;2,08;Negativno;Ne
1521;6,4;-50,3;7,06;2,17;Negativno;Ne
1522;6,0;-70,1;6,96;2,66;Negativno;Ne
1523;7,3;-12,0;6,66;0,53;Negativno;Ne
1524;10,1;-44,1;7,3;1,09;Negativno;Ne
1525;1,9;-67,5;5,85;4,85;Negativno;Ne
1526;10,5;150,0;-2,0;4,37;Pozitivno;Ne
1527;0,2;-44,0;7,76;1,82;Negativno;Ne
1528;8,1;-41,0;7,27;3,66;Negativno;Ne
1529;8,9;-53,7;6,64;2,44;Pozitivno;Ne
1530;4,7;-63,0;7,28;3,8;Negativno;Ne
1531;12,4;-93,3;7,14;2,12;Negativno;Ne
1532;2,1;-43,6;8,02;3,37;Negativno;Ne
1533;12,0;-62,4;7,38;3,2;Negativno;Ne
1534;1,0;-54,4;7,73;4,08;Negativno;Ne
1535;4,2;-38,9;8,04;3,14;Negativno;Da
1536;12,9;-57,8;7,63;4,41;Negativno;Ne
1537;12,5;-38,5;7,16;5,63;Negativno;Ne
1538;3,6;-5,9;6,61;8,37968764015772;Pozitivno;Da
1539;14,1;-74,2;6,87;1,54;Pozitivno;Ne
1540;11,9;-21,4;7,55;5,35;Negativno;Ne
1541;7,5;-52,7;7,62;0,44;Negativno;Ne
1542;1,5;-45,7;7,34;0,49;Negativno;Ne
1543;1,7;-39,5;7,61;1,27;Negativno;Ne
1544;14,1;-41,6;7,22;0,98;Negativno;Da
1545;7,1;-48,8;6,93;3,9;Negativno;Ne
1546;3,1;-42,9;7,15;3,36;Negativno;Ne
1547;2,4;-34,8;6,74;1,57;Negativno;Ne
1548;12,1;-59,9;7,43;2,66;Negativno;Ne
1549;8,8;-59,3;6,18;4,73;Negativno;Ne
1550;0,2;-41,4;6,48;5,66;Negativno;Ne
1551;4,8;-37,9;6,73;3,33;Negativno;Ne
1552;6,2;-29,9;7,36;3,6;Negativno;Ne
1553;10,3;-60,3;7,17;4,99;Negativno;Ne
1554;5,4;-20,2;6,99;5,44;Negativno;Ne
1555;6,7;-56,1;6,81;4,07;Negativno;Ne
1556;10,2;-73,3;6,95;0,29;Negativno;Ne
1557;8,3;-58,5;6,4;3,54;Negativno;Ne
1558;3,0;-45,0;6,62;1,92;Negativno;Ne
1559;4,2;-66,1;6,93;0,58;Negativno;Ne
1560;6,0;-54,8;6,89;0,38;Negativno;Ne
1561;1,2;-61,9;7,57;2,8;Negativno;Ne
1562;13,3;-56,1;7,59;4,02;Negativno;Ne
1563;1,3;-56,3;7,75;1,38;Negativno;Ne
1564;6,8;-12,9;6,97;6,23968764015772;Pozitivno;Da
1565;2,2;-22,8;7,52;0,4;Negativno;Ne
1566;12,1;-37,2;7,42;5,71;Negativno;Ne
1567;13,9;-61,8;6,76;2,7;Negativno;Ne
1568;9,8;-17,9;6,27;1,72;Pozitivno;Ne
1569;1,0;-47,9;6,83;2,97;Negativno;Ne
1570;9,5;-67,7;7,67;2,32;Negativno;Ne
1571;2,8;-29,7;6,16;3,92;Negativno;Ne
1572;12,1;-55,3;6,45;0,29;Pozitivno;Ne
1573;2,3;-44,5;6,47;3,12;Negativno;Ne
1574;8,6;-45,0;7,03;0,15;Pozitivno;Ne
1575;10,8;-66,3;6,44;2,2;Negativno;Ne
1576;8,3;-50,8;6,3;4,46;Negativno;Ne
1577;7,6;-39,1;7,3;1,07;Negativno;Ne
1578;14,5;-46,5;6,62;2,61;Negativno;Ne
1579;13,7;-72,2;7,12;4,21;Negativno;Ne
1580;14,6;-88,7;7,54;4,01;Negativno;Ne
1581;11,6;-49,0;6,32;5,9;Negativno;Ne
1582;13,9;-31,6;7,06;5,02;Negativno;Ne
1583;5,7;-48,4;6,86;2,51;Negativno;Ne
1584;8,7;-27,8;6,04;5,84;Negativno;Ne
1585;6,8;-54,2;7,81;4,94;Negativno;Ne
1586;2,7;-40,9;7,18;1,93;Negativno;Ne
1587;5,7;-37,8;7,67;4,92;Negativno;Ne
1588;11,3;-49,7;6,36;4,08;Pozitivno;Ne
1589;0,8;-34,9;6,61;0,34;Negativno;Ne
1590;14,8;-69,7;7,94;2,88;Negativno;Ne
1591;11,0;-29,0;6,24;0,8;Negativno;Ne
1592;14,1;-58,7;7,41;5,32;Negativno;Ne
1593;11,7;-60,3;7,7;5,25;Pozitivno;Ne
1594;14,5;-63,8;7,01;4,63;Negativno;Ne
1595;10,7;-55,9;7,09;5,08;Negativno;Ne
1596;1,0;-35,7;7,13;5,4;Negativno;Ne
1597;8,0;-45,0;6,51;4,59;Negativno;Ne
1598;4,0;-50,4;7,21;3,02;Negativno;Ne
1599;2,5;-44,4;7,72;2,35;Pozitivno;Ne
1600;5,5;-45,3;6,33;1,05;Negativno;Ne
1601;0,1;-65,8;7,44;0,61;Negativno;Ne
1602;1,9;-62,4;6,06;0,47;Negativno;Ne
1603;12,5;-33,8;7,08;1,05;Negativno;Ne
1604;0,8;-69,7;7,28;3,9;Negativno;Ne
1605;3,4;-30,2;7,34;0,67;Negativno;Ne
1606;2,5;-17,6;7,49;3,7;Negativno;Ne
1607;1,1;-58,1;6,29;3,74;Negativno;Ne
1608;12,9;-18,6;6,8;7,68968764015772;Pozitivno;Da
1609;10,9;-51,2;7,01;1,05;Negativno;Ne
1610;13,9;-36,4;7,02;3,67;Negativno;Ne
1611;14,8;-58,0;6,09;4,32;Negativno;Ne
1612;0,4;-27,6;7,73;1,93;Negativno;Ne
1613;6,7;-71,2;6,73;4,8;Negativno;Ne
1614;10,7;-57,5;6,81;0,45;Negativno;Ne
1615;1,6;-75,8;6,81;2,44;Negativno;Da
1616;8,1;-52,1;6,32;5,86;Negativno;Ne
1617;3,8;-70,3;7,45;2,36;Negativno;Ne
1618;0,3;-67,9;6,32;3,4;Negativno;Ne
1619;7,2;-25,9;7,29;3,96;Negativno;Ne
1620;13,3;-47,1;7,52;5,25;Negativno;Ne
1621;8,6;-7,8;6,47;6,48968764015772;Pozitivno;Da
1622;4,3;-64,9;6,31;3,28;Negativno;Ne
1623;5,1;-79,2;6,89;3,58;Negativno;Ne
1624;3,3;-30,1;8,07;3,34;Negativno;Ne
1625;2,9;-65,8;7,67;5,59;Negativno;Ne
1626;4,7;-71,9;6,13;5,25;Negativno;Ne
1627;14,0;-63,4;7,3;2,86;Negativno;Da
1628;8,6;-62,2;7,94;3,03;Negativno;Ne
1629;5,5;-44,9;6,87;2,47;Negativno;Ne
1630;7,2;-44,0;6,62;1,39;Negativno;Ne
1631;10,2;-57,8;7,16;3,29;Negativno;Ne
1632;14,8;-9,9;7,95;8,343767774996435;Pozitivno;Da
1633;2,3;-26,3;7,87;5,16;Negativno;Ne
1634;5,2;-43,5;7,58;2,26;Pozitivno;Ne
1635;1,0;-63,4;7,48;5,56;Negativno;Ne
1636;0,6;-45,1;6,51;2,59;Negativno;Ne
1637;3,2;-79,9;7,66;2,51;Negativno;Ne
1638;8,1;-46,0;6,69;3,05;Negativno;Ne
1639;13,9;-28,1;6,36;1,95;Negativno;Ne
1640;0,8;-80,5;6,95;5,79;Negativno;Ne
1641;10,4;-8,4;7,44;7,01968764015772;Pozitivno;Da
1642;8,3;-31,7;7,14;4,95;Negativno;Ne
1643;10,7;-38,8;6,76;4,65;Negativno;Ne
1644;14,8;-85,3;6,41;3,16;Negativno;Ne
1645;12,8;-54,3;6,67;4,77;Negativno;Ne
1646;8,0;-54,6;6,31;2,22;Negativno;Ne
1647;14,7;-42,2;6,78;3,0;Negativno;Ne
1648;2,7;-47,5;7,8;5,15;Negativno;Ne
1649;8,8;-43,0;6,74;4,32;Negativno;Ne
1650;8,8;-63,4;7,27;2,25;Negativno;Ne
1651;9,9;-46,6;7,48;0,55;Negativno;Ne
1652;10,3;-46,1;7,63;5,99;Negativno;Ne
1653;11,7;-39,1;6,89;2,16;Negativno;Ne
1654;10,3;-12,2;7,47;7,513767774996435;Pozitivno;Da
1655;12,2;-18,3;6,64;6,00968764015772;Pozitivno;Da
1656;3,4;-37,4;7,46;4,95;Negativno;Ne
1657;6,6;-69,0;6,2;3,67;Negativno;Ne
1658;5,5;-57,8;7,23;2,5;Negativno;Ne
1659;3,2;-45,2;6,68;3,76;Negativno;Ne
1660;5,5;-40,1;7,42;4,27;Negativno;Ne
1661;10,3;-56,9;6,46;4,53;Negativno;Da
1662;4,7;-79,8;7,13;3,82;Negativno;Ne
1663;7,6;-32,5;6,98;2,11;Pozitivno;Da
1664;9,4;-53,9;6,89;5,92;Negativno;Ne
1665;3,7;-54,8;6,87;2,07;Negativno;Ne
1666;8,2;-71,1;6,43;1,3;Negativno;Ne
1667;14,6;-56,1;6,3;0,79;Negativno;Ne
1668;1,5;-42,5;6,9;3,6;Negativno;Ne
1669;1,7;-63,3;7,01;5,78;Negativno;Ne
1670;14,6;-49,3;7,34;2,62;Negativno;Ne
1671;9,4;-69,5;6,23;0,29;Negativno;Ne
1672;7,0;-22,8;6,47;0,23;Negativno;Ne
1673;11,8;-35,8;6,56;0,18;Negativno;Ne
1674;7,7;-60,5;6,92;1,0;Negativno;Ne
1675;9,7;-53,2;6,99;3,77;Negativno;Ne
1676;11,7;-64,8;6,35;1,51;Pozitivno;Ne
1677;10,4;-56,2;7,18;0,88;Pozitivno;Ne
1678;5,4;-64,4;6,35;2,28;Negativno;Ne
1679;10,5;-47,9;7,1;5,52;Negativno;Ne
1680;7,3;-61,2;6,7;4,19;Negativno;Ne
1681;13,3;-73,3;6,35;1,67;Negativno;Ne
1682;9,9;-30,0;7,43;1,69;Negativno;Da
1683;3,9;-27,7;6,82;5,37;Negativno;Ne
1684;13,4;-52,8;7,82;1,87;Negativno;Ne
1685;5,7;-26,7;6,64;2,92;Negativno;Ne
1686;12,9;-34,3;6,85;0,9;Pozitivno;Da
1687;1,2;-24,5;7,64;0,38;Negativno;Ne
1688;12,9;-54,5;7,99;1,19;Negativno;Ne
1689;3,9;-69,8;7,57;3,16;Negativno;Ne
1690;13,7;-42,4;6,32;5,7;Negativno;Ne
1691;12,6;-17,3;6,85;4,183767774996434;Pozitivno;Da
1692;9,3;-38,9;5,78;4,28;Negativno;Ne
1693;3,7;-23,1;6,39;5,22;Negativno;Ne
1694;0,3;-44,6;6,88;0,19;Negativno;Ne
1695;9,9;-57,7;6,71;3,51;Negativno;Ne
1696;3,5;-38,4;7,36;5,66;Negativno;Ne
1697;2,1;-55,0;6,83;1,67;Negativno;Ne
1698;3,6;-72,3;7,06;3,51;Negativno;Ne
1699;14,9;-9,7;7,55;4,293767774996434;Pozitivno;Da
1700;14,0;-67,1;7,23;3,41;Negativno;Ne
1701;6,9;-33,6;7,48;5,88;Negativno;Ne
1702;1,0;-58,8;6,81;2,66;Negativno;Ne
1703;2,0;-55,1;7,08;3,24;Pozitivno;Ne
1704;9,5;-33,2;7,03;4,89;Negativno;Ne
1705;5,3;-41,6;6,81;3,97;Negativno;Ne
1706;6,1;-63,7;7,15;0,33;Negativno;Ne
1707;11,3;-55,9;7,15;1,63;Negativno;Ne
1708;3,4;-38,0;7,13;5,15;Negativno;Ne
1709;11,8;-44,2;6,73;3,61;Negativno;Ne
1710;0,8;-62,2;6,84;4,56;Negativno;Ne
1711;5,5;-17,5;6,49;4,28;Negativno;Ne
1712;8,6;-69,8;6,27;3,47;Negativno;Ne
1713;11,1;-54,9;6,88;1,13;Negativno;Da
1714;3,4;-41,2;6,78;1,23;Negativno;Ne
1715;6,9;-73,2;7,18;5,0;Negativno;Ne
1716;14,1;-49,9;7,92;0,95;Negativno;Ne
1717;0,8;-46,6;7,56;2,02;Negativno;Ne
1718;11,6;-61,7;7,67;3,55;Negativno;Ne
1719;6,4;-61,1;7,29;4,74;Negativno;Ne
1720;0,3;-64,4;6,75;1,14;Negativno;Ne
1721;15,0;-28,9;6,52;3,19;Negativno;Ne
1722;0,8;-59,3;6,7;4,68;Negativno;Ne
1723;9,7;-53,5;7,81;1,55;Negativno;Ne
1724;6,8;-11,9;6,41;8,413767774996433;Pozitivno;Da
1725;8,4;-42,4;6,63;1,53;Negativno;Ne
1726;12,7;-27,8;7,13;5,79;Negativno;Da
1727;10,7;-45,2;6,46;4,57;Negativno;Ne
1728;4,3;-46,5;7,18;1,79;Pozitivno;Ne
1729;1,7;-17,9;6,77;10,899687640157719;Pozitivno;Da
1730;2,3;-63,8;5,83;3,15;Negativno;Ne
1731;11,9;-62,4;5,93;3,16;Negativno;Ne
1732;11,1;-26,9;6,64;3,18;Negativno;Da
1733;12,1;-31,8;7,65;3,83;Negativno;Ne
1734;5,3;-48,6;7,98;1,08;Negativno;Ne
1735;4,7;-69,0;8,11;2,05;Negativno;Ne
1736;10,2;-48,4;6,43;5,26;Negativno;Ne
1737;2,9;-66,5;6,97;4,58;Pozitivno;Ne
1738;5,6;-39,7;7,52;5,95;Negativno;Ne
1739;14,4;-46,5;6,85;0,69;Pozitivno;Ne
1740;13,4;-59,9;6,27;3,13;Negativno;Da
1741;3,2;-58,9;6,83;2,79;Negativno;Ne
1742;4,0;-70,5;6,77;5,6;Negativno;Da
1743;1,6;-57,0;7,0;2,46;Negativno;Ne
1744;9,1;-57,4;6,41;2,36;Negativno;Ne
1745;3,1;-60,7;7,3;2,41;Negativno;Ne
1746;7,5;-53,1;6,64;3,23;Negativno;Ne
1747;1,0;-101,3;6,79;2,18;Negativno;Ne
1748;0,3;-47,7;8,23;5,98;Negativno;Ne
1749;6,5;-26,0;7,69;0,9;Negativno;Ne
1750;12,3;-35,9;7,74;1,86;Negativno;Ne
1751;0,4;-58,6;7,39;3,3;Negativno;Ne
1752;4,5;-47,4;7,25;2,37;Negativno;Ne
1753;14,2;-43,6;6,53;0,99;Pozitivno;Ne
1754;6,8;-58,3;6,86;3,72;Negativno;Da
1755;6,4;-40,7;6,6;0,26;Negativno;Ne
1756;6,1;-18,6;7,19;7,93968764015772;Pozitivno;Da
1757;3,8;-44,8;7,05;0,61;Negativno;Ne
1758;12,0;-61,1;8,01;5,91;Negativno;Ne
1759;10,1;-46,6;7,23;2,16;Negativno;Ne
1760;0,8;-44,9;7,13;2,86;Negativno;Ne
1761;5,9;-47,9;7,34;3,53;Negativno;Ne
1762;10,1;-38,1;6,97;3,84;Negativno;Ne
1763;3,5;-63,0;6,37;1,8;Negativno;Ne
1764;12,5;-48,9;6,79;0,66;Negativno;Ne
1765;1,3;-49,5;6,02;1,91;Negativno;Ne
1766;9,4;-55,5;7,14;2,57;Negativno;Ne
1767;1,0;-31,6;5,96;3,79;Negativno;Ne
1768;13,3;-37,7;7,21;2,86;Negativno;Ne
1769;0,8;-38,1;6,6;3,51;Negativno;Ne
1770;14,3;-54,0;6,21;0,19;Negativno;Ne
1771;5,8;-67,4;7,26;1,28;Pozitivno;Ne
1772;5,4;-16,1;6,28;0,66;Negativno;Ne
1773;1,2;-53,7;6,72;2,27;Negativno;Ne
1774;7,8;-47,6;7,86;5,59;Negativno;Ne
1775;6,6;-61,4;8,06;1,58;Negativno;Ne
1776;8,6;-75,5;6,65;3,37;Negativno;Ne
1777;10,8;-64,9;6,31;3,19;Negativno;Ne
1778;5,0;-51,3;6,2;5,45;Pozitivno;Ne
1779;6,6;-62,8;6,68;3,68;Negativno;Ne
1780;11,4;-30,6;7,14;4,61;Negativno;Ne
1781;4,6;-35,7;6,71;3,69;Negativno;Ne
1782;5,4;-47,8;6,9;2,98;Negativno;Ne
1783;2,1;-50,7;6,47;0,51;Negativno;Ne
1784;3,0;-55,6;7,16;0,97;Negativno;Da
1785;3,3;-68,1;6,72;0,43;Negativno;Ne
1786;6,0;-31,2;7,29;0,28;Negativno;Ne
1787;9,2;-33,6;6,9;2,41;Negativno;Da
1788;3,4;-28,4;6,51;2,35;Negativno;Ne
1789;6,9;-84,8;6,19;0,73;Negativno;Ne
1790;11,3;-63,8;6,63;1,84;Negativno;Ne
1791;4,2;-18,1;6,74;5,03;Negativno;Ne
1792;3,7;-59,5;6,73;4,8;Pozitivno;Ne
1793;14,8;-51,7;6,45;4,39;Negativno;Ne
1794;6,0;-54,2;7,5;3,54;Negativno;Ne
1795;2,0;-41,4;8,13;5,98;Negativno;Ne
1796;6,4;-76,8;6,48;1,14;Negativno;Ne
1797;5,3;-45,7;7,72;2,52;Negativno;Ne
1798;5,6;-48,2;7,5;0,16;Negativno;Ne
1799;1,5;-60,7;6,6;3,0;Negativno;Ne
1800;2,8;-54,6;7,56;4,31;Negativno;Ne
1801;9,6;-61,1;7,24;2,6;Negativno;Ne
1802;4,8;-54,0;6,49;5,32;Pozitivno;Ne
1803;4,9;-62,5;7,53;1,56;Negativno;Ne
1804;2,1;-50,3;7,25;2,49;Negativno;Ne
1805;8,4;-39,2;7,03;1,2;Negativno;Ne
1806;12,4;-30,7;7,07;5,8;Negativno;Ne
1807;14,9;-33,8;6,04;3,37;Negativno;Ne
1808;2,1;-30,2;6,88;5,39;Negativno;Ne
1809;12,7;-56,0;8,15;3,98;Negativno;Ne
1810;1,3;-44,2;7,23;4,6;Negativno;Ne
1811;4,9;-80,0;7,79;4,36;Negativno;Ne
1812;10,8;-44,7;6,97;0,47;Negativno;Ne
1813;14,6;-28,6;7,31;3,85;Negativno;Ne
1814;8,4;-71,9;8,27;1,77;Negativno;Ne
1815;3,5;-38,8;5,65;3,63;Negativno;Ne
1816;4,3;-52,7;7,07;5,92;Negativno;Ne
1817;10,1;-75,4;6,87;1,1;Negativno;Da
1818;12,8;-42,2;7,99;3,88;Negativno;Ne
1819;7,5;-61,2;6,94;2,45;Negativno;Ne
1820;14,2;-64,3;6,56;3,55;Negativno;Ne
1821;9,2;-38,6;6,91;4,32;Pozitivno;Ne
1822;12,3;-54,2;7,59;3,73;Negativno;Ne
1823;6,5;-34,5;6,78;5,91;Negativno;Ne
1824;4,6;-32,6;7,47;1,22;Negativno;Ne
1825;12,9;-29,2;7,39;3,61;Negativno;Ne
1826;6,4;-61,3;6,3;2,72;Negativno;Ne
1827;1,5;-75,3;6,26;5,48;Negativno;Ne
1828;6,6;-50,7;7,2;0,44;Negativno;Ne
1829;10,2;-38,6;7,16;5,24;Negativno;Ne
1830;11,8;-12,0;6,68;5,633767774996434;Pozitivno;Da
1831;2,4;-42,0;6,36;5,81;Negativno;Ne
1832;10,9;-80,4;6,53;1,85;Pozitivno;Ne
1833;9,6;-55,8;7,5;4,32;Negativno;Ne
1834;2,6;-37,7;7,16;0,59;Negativno;Ne
1835;10,6;-51,6;7,27;4,91;Negativno;Ne
1836;3,0;-50,7;6,72;2,1;Negativno;Ne
1837;2,2;-47,4;7,23;3,12;Pozitivno;Ne
1838;10,8;-35,1;7,04;0,35;Pozitivno;Ne
1839;4,4;-55,4;6,98;5,5;Negativno;Ne
1840;11,4;-59,0;7,88;2,56;Negativno;Ne
1841;5,0;-12,7;7,3;3,523767774996434;Pozitivno;Da
1842;8,1;-18,2;7,08;2,2;Negativno;Ne
1843;9,5;-61,8;7,36;3,12;Negativno;Ne
1844;3,2;-54,3;7,29;1,81;Negativno;Ne
1845;10,9;-20,6;6,09;1,74;Negativno;Ne
1846;14,0;-65,6;7,65;3,11;Negativno;Ne
1847;1,9;-76,8;6,9;1,94;Negativno;Ne
1848;4,1;-31,8;7,1;0,67;Negativno;Ne
1849;8,6;-89,5;5,73;5,75;Negativno;Da
1850;12,5;-70,7;6,5;3,84;Pozitivno;Ne
1851;7,6;-67,0;6,8;0,81;Negativno;Ne
1852;6,7;-54,0;6,45;2,81;Negativno;Ne
1853;7,2;-57,1;6,07;3,58;Negativno;Ne
1854;0,5;-48,6;7,17;5,91;Negativno;Ne
1855;8,9;-54,6;6,65;5,32;Negativno;Da
1856;12,2;-79,9;6,55;1,44;Negativno;Ne
1857;0,3;-41,2;7,37;2,13;Negativno;Ne
1858;10,3;-54,2;7,66;5,75;Negativno;Ne
1859;14,1;-61,7;6,25;2,14;Negativno;Ne
1860;3,0;-42,0;7,84;1,0;Negativno;Ne
1861;4,0;-80,1;7,54;5,17;Negativno;Ne
1862;8,4;-62,8;6,74;2,56;Negativno;Ne
1863;8,0;-62,6;7,16;5,51;Negativno;Ne
1864;3,1;-71,5;7,11;4,09;Negativno;Ne
1865;3,0;-44,9;7,09;4,3;Pozitivno;Ne
1866;13,5;-76,8;6,21;3,92;Negativno;Ne
1867;7,7;-28,5;7,2;1,87;Negativno;Ne
1868;8,8;-50,4;6,4;4,83;Pozitivno;Ne
1869;7,1;-6,6;5,83;8,10968764015772;Pozitivno;Da
1870;2,3;-54,4;7,48;3,42;Negativno;Ne
1871;11,9;-54,3;6,89;2,43;Negativno;Ne
1872;6,9;-58,1;7,66;3,24;Negativno;Ne
1873;0,6;-63,7;7,01;1,25;Negativno;Ne
1874;10,3;-70,2;7,44;1,97;Negativno;Ne
1875;3,4;-49,8;6,9;5,68;Negativno;Ne
1876;10,8;-37,2;5,82;5,31;Pozitivno;Ne
1877;7,1;-35,6;8,21;5,89;Negativno;Ne
1878;4,7;-49,3;6,82;2,66;Negativno;Ne
1879;5,0;-39,4;7,7;4,82;Negativno;Ne
1880;11,0;-73,6;6,92;3,41;Negativno;Ne
1881;12,9;-40,1;7,56;4,19;Negativno;Ne
1882;2,4;-61,9;7,31;2,52;Negativno;Ne
1883;1,6;-46,9;7,06;3,79;Negativno;Ne
1884;2,5;-55,1;6,38;0,13;Negativno;Ne
1885;1,2;-30,0;7,07;3,8;Negativno;Ne
1886;4,6;-58,6;6,16;2,62;Negativno;Ne
1887;0,8;-18,9;7,14;0,11;Negativno;Ne
1888;13,8;-48,2;7,13;0,74;Negativno;Ne
1889;8,7;-71,4;6,7;0,49;Negativno;Ne
1890;5,6;-49,7;7,69;3,62;Negativno;Ne
1891;14,6;-58,3;6,75;2,57;Negativno;Ne
1892;14,8;-11,0;7,49;2,89;Negativno;Ne
1893;11,6;-45,7;7,67;5,85;Negativno;Ne
1894;5,0;-71,0;7,41;3,05;Pozitivno;Ne
1895;3,5;-48,1;6,42;2,13;Negativno;Ne
1896;5,4;-61,0;7,56;1,24;Negativno;Ne
1897;5,5;-58,2;6,33;5,41;Negativno;Ne
1898;0,2;-48,2;7,82;3,62;Negativno;Ne
1899;4,1;-45,9;7,42;0,84;Negativno;Ne
1900;14,3;-33,1;6,87;2,96;Negativno;Ne
1901;12,8;-71,9;6,62;2,46;Pozitivno;Ne
1902;6,3;-62,6;7,08;1,61;Negativno;Ne
1903;2,7;-29,8;7,34;1,17;Negativno;Ne
1904;5,5;-60,3;6,76;3,64;Negativno;Ne
1905;6,3;-49,5;7,74;5,6;Negativno;Ne
1906;5,0;-32,2;7,56;3,94;Pozitivno;Ne
1907;12,8;-71,9;7,66;2,3;Negativno;Ne
1908;6,0;-43,2;7,25;2,9;Negativno;Ne
1909;12,2;-53,7;6,88;3,87;Pozitivno;Ne
1910;1,4;-59,7;7,13;5,69;Negativno;Ne
1911;1,1;-55,1;7,75;3,39;Pozitivno;Ne
1912;1,2;-52,1;6,58;1,74;Negativno;Da
1913;13,8;-59,5;6,12;5,67;Pozitivno;Ne
1914;2,5;-58,8;7,18;0,75;Negativno;Ne
1915;13,9;-29,8;6,12;1,43;Negativno;Ne
1916;6,0;-44,6;7,93;0,24;Negativno;Ne
1917;2,8;-58,5;6,25;0,26;Negativno;Da
1918;2,1;-45,5;7,36;1,9;Negativno;Ne
1919;0,1;-59,4;7,31;1,91;Negativno;Ne
1920;1,4;-40,1;6,89;1,8;Negativno;Ne
1921;9,3;-64,6;6,75;3,46;Negativno;Ne
1922;1,9;-36,2;6,77;2,64;Negativno;Ne
1923;14,4;-58,8;6,72;1,07;Negativno;Ne
1924;6,9;-18,9;6,98;7,443767774996434;Pozitivno;Da
1925;11,1;-55,6;7,04;0,87;Pozitivno;Ne
1926;2,8;-51,9;6,72;3,67;Negativno;Ne
1927;13,4;-66,9;7,38;3,89;Pozitivno;Ne
1928;5,2;-99,3;6,58;5,96;Negativno;Ne
1929;2,9;-56,0;6,76;3,2;Negativno;Ne
1930;14,3;-40,0;7,78;2,16;Negativno;Ne
1931;2,4;-44,6;7,0;2,23;Negativno;Ne
1932;7,7;-60,3;6,67;4,69;Negativno;Ne
1933;8,0;-84,6;7,77;5,95;Negativno;Ne
1934;8,7;-46,5;7,19;2,42;Negativno;Ne
1935;2,1;-65,2;6,42;0,91;Negativno;Ne
1936;10,0;-25,5;7,6;3,86;Negativno;Ne
1937;7,4;-75,5;7,25;2,72;Negativno;Ne
1938;2,7;-9,1;7,39;5,963767774996434;Pozitivno;Da
1939;11,7;-37,8;7,55;5,84;Negativno;Ne
1940;9,8;-59,0;6,87;2,33;Negativno;Ne
1941;5,5;-65,9;6,48;5,91;Negativno;Ne
1942;14,8;-47,1;7,68;0,8;Negativno;Ne
1943;0,8;-36,1;6,75;5,32;Negativno;Ne
1944;2,3;-47,2;7,02;3,15;Pozitivno;Ne
1945;4,2;-45,9;6,08;3,85;Negativno;Ne
1946;1,5;-59,5;6,56;0,75;Negativno;Ne
1947;15,0;-52,7;6,82;1,27;Negativno;Ne
1948;7,8;-36,5;7,63;1,94;Negativno;Ne
1949;11,2;-28,9;6,91;2,3;Negativno;Ne
1950;6,1;-57,5;7,16;3,6;Pozitivno;Ne
1951;11,9;-41,8;6,84;4,86;Negativno;Ne
1952;1,0;-51,8;6,7;3,91;Negativno;Ne
1953;8,8;-45,2;7,32;3,72;Negativno;Ne
1954;2,0;-76,2;7,29;3,83;Pozitivno;Ne
1955;5,7;-55,4;7,7;2,35;Negativno;Ne
1956;1,5;-57,4;7,04;3,65;Negativno;Ne
1957;4,1;-67,7;7,33;1,41;Negativno;Ne
1958;4,2;-83,6;7,36;4,7;Negativno;Ne
1959;12,5;-42,3;7,11;3,69;Negativno;Ne
1960;8,1;-83,1;6,09;3,17;Negativno;Ne
1961;2,8;-46,5;7,48;3,28;Negativno;Ne
1962;6,5;-13,5;7,68;6,243767774996434;Pozitivno;Da
1963;2,2;-33,7;6,68;0,39;Negativno;Da
1964;12,2;-42,2;6,77;3,48;Negativno;Ne
1965;4,1;-53,9;7,77;2,73;Negativno;Ne
1966;0,7;-60,5;6,44;3,89;Negativno;Ne
1967;11,9;-48,0;6,67;0,16;Negativno;Ne
1968;3,4;-53,3;7,18;0,29;Negativno;Ne
1969;12,0;-71,0;7,15;4,04;Pozitivno;Ne
1970;10,1;-80,0;7,25;1,96;Negativno;Ne
1971;14,0;-59,0;7,43;4,56;Negativno;Ne
1972;8,4;-44,1;7,16;1,23;Negativno;Ne
1973;6,9;-54,7;7,17;2,26;Negativno;Ne
1974;8,7;-40,5;7,03;2,87;Negativno;Ne
1975;11,3;-67,1;6,94;5,59;Negativno;Ne
1976;6,2;-66,1;6,68;3,35;Negativno;Ne
1977;13,1;-40,1;6,62;4,11;Negativno;Ne
1978;0,1;-66,7;7,06;2,73;Negativno;Ne
1979;11,7;-39,8;6,23;5,52;Negativno;Ne
1980;9,9;-41,7;6,74;3,27;Negativno;Ne
1981;13,4;-10,6;7,49;5,3537677749964345;Pozitivno;Da
1982;14,7;-53,8;7,06;0,96;Negativno;Ne
1983;9,7;-52,0;6,98;0,97;Negativno;Ne
1984;1,7;-47,5;7,57;0,36;Negativno;Da
1985;11,2;-63,1;7,34;1,43;Negativno;Ne
1986;6,9;-27,5;7,39;4,92;Negativno;Ne
1987;13,6;-48,5;7,08;5,93;Negativno;Ne
1988;11,1;-47,8;6,98;5,03;Negativno;Ne
1989;5,1;-37,9;7,46;0,99;Negativno;Da
1990;2,2;-41,9;6,85;0,97;Negativno;Ne
1991;13,6;-74,4;6,64;2,55;Negativno;Ne
1992;11,0;-67,5;7,02;5,63;Negativno;Ne
1993;6,0;-73,4;5,71;3,0;Negativno;Ne
1994;1,9;-24,0;6,35;3,66;Negativno;Ne
1995;9,8;-53,5;7,14;4,46;Negativno;Ne
1996;0,8;-55,9;7,14;3,08;Negativno;Ne
1997;1,4;-48,2;7,64;4,52;Negativno;Da
1998;6,7;-48,5;6,79;4,23;Pozitivno;Ne
1999;6,1;-75,5;7,26;1,12;Negativno;Ne
2000;0,7;-37,6;6,69;4,79;Negativno;Ne
